reading_date,meter_id,customer_id,country,facility,consumption_kwh,unit,data_status
2026-07-01,M001,C001,US,Facility-01,1073.45,kWh,OK
2026-07-01,M002,C002,US,Facility-02,1266.35,kWh,OK
2026-07-01,M003,C003,DE,Facility-03,2080.6,kWh,OK
2026-07-01,M004,C004,UK,Facility-04,1001.91,kWh,OK
2026-07-01,M005,C005,US,Facility-05,1340.99,kWh,OK
2026-07-01,M006,C006,CA,Facility-06,1827.26,kWh,OK
2026-07-01,M007,C007,AU,Facility-07,7346.15,kWh,ANOMALY
2026-07-01,M008,C008,SG,Facility-08,995.74,kWh,OK
2026-07-01,M009,C009,IN,Facility-09,899.67,kWh,OK
2026-07-01,M010,C010,NL,Facility-10,1841.98,kWh,OK
2026-07-01,M011,C011,US,Facility-11,1039.78,kWh,OK
2026-07-01,M012,C012,SE,Facility-12,2789.67,kWh,OK
2026-07-01,M013,C013,MX,Facility-13,1681.62,kWh,OK
2026-07-01,M014,C014,NL,Facility-14,2066.84,kWh,OK
2026-07-01,M015,C015,UK,Facility-15,931.07,kWh,OK
2026-07-01,M016,C016,US,Facility-16,978.76,kWh,OK
2026-07-01,M017,C017,DE,Facility-17,2045.15,kWh,OK
2026-07-01,M018,C018,CA,Facility-18,849.0,kWh,OK
2026-07-01,M019,C019,US,Facility-19,2130.74,kWh,OK
2026-07-01,M020,C020,SG,Facility-20,892.67,kWh,OK
2026-07-01,M021,C001,US,Facility-01,1073.61,kWh,OK
2026-07-01,M022,C002,US,Facility-02,1483.84,kWh,OK
2026-07-01,M023,C003,DE,Facility-03,1662.18,kWh,OK
2026-07-01,M024,C004,UK,Facility-04,1055.08,kWh,OK
2026-07-01,M025,C005,US,Facility-05,1454.27,kWh,OK
2026-07-01,M026,C006,CA,Facility-06,1999.13,kWh,OK
2026-07-01,M027,C007,AU,Facility-07,1651.84,kWh,OK
2026-07-01,M028,C008,SG,Facility-08,1061.05,kWh,OK
2026-07-01,M029,C009,IN,Facility-09,871.32,kWh,OK
2026-07-01,M030,C010,NL,Facility-10,1512.69,kWh,OK
2026-07-01,M031,C011,US,Facility-11,1013.93,kWh,OK
2026-07-01,M032,C012,SE,Facility-12,2556.15,kWh,OK
2026-07-01,M033,C013,MX,Facility-13,1644.07,kWh,OK
2026-07-01,M034,C014,NL,Facility-14,1716.52,kWh,OK
2026-07-01,M035,C015,UK,Facility-15,993.82,kWh,OK
2026-07-01,M036,C016,US,Facility-16,981.72,kWh,OK
2026-07-01,M037,C017,DE,Facility-17,2366.41,kWh,OK
2026-07-01,M038,C018,CA,Facility-18,903.32,kWh,OK
2026-07-01,M039,C019,US,Facility-19,2270.2,kWh,OK
2026-07-01,M040,C020,SG,Facility-20,1004.77,kWh,OK
2026-07-01,M041,C001,US,Facility-01,1046.76,kWh,OK
2026-07-01,M042,C002,US,Facility-02,1188.2,kWh,OK
2026-07-01,M043,C003,DE,Facility-03,2098.56,kWh,OK
2026-07-01,M044,C004,UK,Facility-04,1083.4,kWh,OK
2026-07-01,M045,C005,US,Facility-05,1702.82,kWh,OK
2026-07-01,M046,C006,CA,Facility-06,1606.05,kWh,OK
2026-07-01,M047,C007,AU,Facility-07,1598.05,kWh,OK
2026-07-01,M048,C008,SG,Facility-08,975.64,kWh,OK
2026-07-01,M049,C009,IN,Facility-09,869.5,kWh,OK
2026-07-01,M050,C010,NL,Facility-10,1560.67,kWh,OK
2026-07-01,M051,C011,US,Facility-11,1019.6,kWh,OK
2026-07-01,M052,C012,SE,Facility-12,2598.76,kWh,OK
2026-07-01,M053,C013,MX,Facility-13,1668.93,kWh,OK
2026-07-01,M054,C014,NL,Facility-14,1746.6,kWh,OK
2026-07-01,M055,C015,UK,Facility-15,1087.19,kWh,OK
2026-07-01,M056,C016,US,Facility-16,1017.23,kWh,OK
2026-07-01,M057,C017,DE,Facility-17,1918.32,kWh,OK
2026-07-01,M058,C018,CA,Facility-18,896.83,kWh,OK
2026-07-01,M059,C019,US,Facility-19,1907.35,kWh,OK
2026-07-01,M060,C020,SG,Facility-20,958.13,kWh,OK
2026-07-02,M001,C001,US,Facility-01,1082.51,kWh,OK
2026-07-02,M002,C002,US,Facility-02,1329.32,kWh,OK
2026-07-02,M003,C003,DE,Facility-03,1767.54,kWh,OK
2026-07-02,M004,C004,UK,Facility-04,1116.96,kWh,OK
2026-07-02,M005,C005,US,Facility-05,1693.51,kWh,OK
2026-07-02,M006,C006,CA,Facility-06,1829.77,kWh,OK
2026-07-02,M007,C007,AU,Facility-07,1919.95,kWh,OK
2026-07-02,M008,C008,SG,Facility-08,1131.66,kWh,OK
2026-07-02,M009,C009,IN,Facility-09,869.97,kWh,OK
2026-07-02,M010,C010,NL,Facility-10,1638.06,kWh,OK
2026-07-02,M011,C011,US,Facility-11,1053.51,kWh,OK
2026-07-02,M012,C012,SE,Facility-12,3218.73,kWh,OK
2026-07-02,M013,C013,MX,Facility-13,1723.59,kWh,OK
2026-07-02,M014,C014,NL,Facility-14,2200.34,kWh,OK
2026-07-02,M015,C015,UK,Facility-15,1047.29,kWh,OK
2026-07-02,M016,C016,US,Facility-16,1091.6,kWh,OK
2026-07-02,M017,C017,DE,Facility-17,2370.21,kWh,OK
2026-07-02,M018,C018,CA,Facility-18,925.28,kWh,OK
2026-07-02,M019,C019,US,Facility-19,1869.72,kWh,OK
2026-07-02,M020,C020,SG,Facility-20,1001.14,kWh,OK
2026-07-02,M021,C001,US,Facility-01,1058.58,kWh,OK
2026-07-02,M022,C002,US,Facility-02,1259.69,kWh,OK
2026-07-02,M023,C003,DE,Facility-03,1839.11,kWh,OK
2026-07-02,M024,C004,UK,Facility-04,1085.95,kWh,OK
2026-07-02,M025,C005,US,Facility-05,1510.72,kWh,OK
2026-07-02,M026,C006,CA,Facility-06,1607.93,kWh,OK
2026-07-02,M027,C007,AU,Facility-07,1964.18,kWh,OK
2026-07-02,M028,C008,SG,Facility-08,1003.56,kWh,OK
2026-07-02,M029,C009,IN,Facility-09,988.39,kWh,OK
2026-07-02,M030,C010,NL,Facility-10,6803.9,kWh,ANOMALY
2026-07-02,M031,C011,US,Facility-11,1023.01,kWh,OK
2026-07-02,M032,C012,SE,Facility-12,2594.62,kWh,OK
2026-07-02,M033,C013,MX,Facility-13,1536.21,kWh,OK
2026-07-02,M034,C014,NL,Facility-14,1813.63,kWh,OK
2026-07-02,M035,C015,UK,Facility-15,981.54,kWh,OK
2026-07-02,M036,C016,US,Facility-16,976.32,kWh,OK
2026-07-02,M037,C017,DE,Facility-17,1848.09,kWh,OK
2026-07-02,M038,C018,CA,Facility-18,847.84,kWh,OK
2026-07-02,M039,C019,US,Facility-19,5156.93,kWh,ANOMALY
2026-07-02,M040,C020,SG,Facility-20,1078.98,kWh,OK
2026-07-02,M041,C001,US,Facility-01,1058.27,kWh,OK
2026-07-02,M042,C002,US,Facility-02,1296.2,kWh,OK
2026-07-02,M043,C003,DE,Facility-03,2065.29,kWh,OK
2026-07-02,M044,C004,UK,Facility-04,1066.39,kWh,OK
2026-07-02,M045,C005,US,Facility-05,1678.13,kWh,OK
2026-07-02,M046,C006,CA,Facility-06,1645.73,kWh,OK
2026-07-02,M047,C007,AU,Facility-07,1983.72,kWh,OK
2026-07-02,M048,C008,SG,Facility-08,911.41,kWh,OK
2026-07-02,M049,C009,IN,Facility-09,1043.34,kWh,OK
2026-07-02,M050,C010,NL,Facility-10,1825.99,kWh,OK
2026-07-02,M051,C011,US,Facility-11,882.68,kWh,OK
2026-07-02,M052,C012,SE,Facility-12,2673.95,kWh,OK
2026-07-02,M053,C013,MX,Facility-13,1550.0,kWh,OK
2026-07-02,M054,C014,NL,Facility-14,1722.68,kWh,OK
2026-07-02,M055,C015,UK,Facility-15,1076.78,kWh,OK
2026-07-02,M056,C016,US,Facility-16,1130.53,kWh,OK
2026-07-02,M057,C017,DE,Facility-17,2138.63,kWh,OK
2026-07-02,M058,C018,CA,Facility-18,1012.55,kWh,OK
2026-07-02,M059,C019,US,Facility-19,1947.39,kWh,OK
2026-07-02,M060,C020,SG,Facility-20,1034.86,kWh,OK
2026-07-03,M001,C001,US,Facility-01,1039.31,kWh,OK
2026-07-03,M002,C002,US,Facility-02,,kWh,MISSING
2026-07-03,M003,C003,DE,Facility-03,2096.85,kWh,OK
2026-07-03,M004,C004,UK,Facility-04,1210.88,kWh,OK
2026-07-03,M005,C005,US,Facility-05,1358.07,kWh,OK
2026-07-03,M006,C006,CA,Facility-06,1719.83,kWh,OK
2026-07-03,M007,C007,AU,Facility-07,1676.26,kWh,OK
2026-07-03,M008,C008,SG,Facility-08,1012.35,kWh,OK
2026-07-03,M009,C009,IN,Facility-09,919.95,kWh,OK
2026-07-03,M010,C010,NL,Facility-10,1866.06,kWh,OK
2026-07-03,M011,C011,US,Facility-11,2898.46,kWh,ANOMALY
2026-07-03,M012,C012,SE,Facility-12,2939.01,kWh,OK
2026-07-03,M013,C013,MX,Facility-13,1607.54,kWh,OK
2026-07-03,M014,C014,NL,Facility-14,2166.21,kWh,OK
2026-07-03,M015,C015,UK,Facility-15,879.23,kWh,OK
2026-07-03,M016,C016,US,Facility-16,1044.52,kWh,OK
2026-07-03,M017,C017,DE,Facility-17,2213.13,kWh,OK
2026-07-03,M018,C018,CA,Facility-18,792.61,kWh,OK
2026-07-03,M019,C019,US,Facility-19,2259.11,kWh,OK
2026-07-03,M020,C020,SG,Facility-20,1010.01,kWh,OK
2026-07-03,M021,C001,US,Facility-01,1034.76,kWh,OK
2026-07-03,M022,C002,US,Facility-02,1189.95,kWh,OK
2026-07-03,M023,C003,DE,Facility-03,1698.42,kWh,OK
2026-07-03,M024,C004,UK,Facility-04,1274.27,kWh,OK
2026-07-03,M025,C005,US,Facility-05,1428.52,kWh,OK
2026-07-03,M026,C006,CA,Facility-06,1946.52,kWh,OK
2026-07-03,M027,C007,AU,Facility-07,1810.52,kWh,OK
2026-07-03,M028,C008,SG,Facility-08,1068.56,kWh,OK
2026-07-03,M029,C009,IN,Facility-09,1019.1,kWh,OK
2026-07-03,M030,C010,NL,Facility-10,1796.79,kWh,OK
2026-07-03,M031,C011,US,Facility-11,917.84,kWh,OK
2026-07-03,M032,C012,SE,Facility-12,2895.5,kWh,OK
2026-07-03,M033,C013,MX,Facility-13,1454.35,kWh,OK
2026-07-03,M034,C014,NL,Facility-14,1872.31,kWh,OK
2026-07-03,M035,C015,UK,Facility-15,916.34,kWh,OK
2026-07-03,M036,C016,US,Facility-16,968.44,kWh,OK
2026-07-03,M037,C017,DE,Facility-17,2072.94,kWh,OK
2026-07-03,M038,C018,CA,Facility-18,997.31,kWh,OK
2026-07-03,M039,C019,US,Facility-19,2262.84,kWh,OK
2026-07-03,M040,C020,SG,Facility-20,853.04,kWh,OK
2026-07-03,M041,C001,US,Facility-01,1130.55,kWh,OK
2026-07-03,M042,C002,US,Facility-02,1450.38,kWh,OK
2026-07-03,M043,C003,DE,Facility-03,1753.86,kWh,OK
2026-07-03,M044,C004,UK,Facility-04,1001.68,kWh,OK
2026-07-03,M045,C005,US,Facility-05,1489.5,kWh,OK
2026-07-03,M046,C006,CA,Facility-06,1633.21,kWh,OK
2026-07-03,M047,C007,AU,Facility-07,1718.89,kWh,OK
2026-07-03,M048,C008,SG,Facility-08,1076.6,kWh,OK
2026-07-03,M049,C009,IN,Facility-09,830.45,kWh,OK
2026-07-03,M050,C010,NL,Facility-10,1615.38,kWh,OK
2026-07-03,M051,C011,US,Facility-11,1045.41,kWh,OK
2026-07-03,M052,C012,SE,Facility-12,2569.77,kWh,OK
2026-07-03,M053,C013,MX,Facility-13,1841.84,kWh,OK
2026-07-03,M054,C014,NL,Facility-14,2105.59,kWh,OK
2026-07-03,M055,C015,UK,Facility-15,1098.39,kWh,OK
2026-07-03,M056,C016,US,Facility-16,993.19,kWh,OK
2026-07-03,M057,C017,DE,Facility-17,2153.77,kWh,OK
2026-07-03,M058,C018,CA,Facility-18,965.24,kWh,OK
2026-07-03,M059,C019,US,Facility-19,2204.79,kWh,OK
2026-07-03,M060,C020,SG,Facility-20,1094.28,kWh,OK
2026-07-04,M001,C001,US,Facility-01,840.01,kWh,OK
2026-07-04,M002,C002,US,Facility-02,1130.6,kWh,OK
2026-07-04,M003,C003,DE,Facility-03,1688.83,kWh,OK
2026-07-04,M004,C004,UK,Facility-04,1039.12,kWh,OK
2026-07-04,M005,C005,US,Facility-05,1173.98,kWh,OK
2026-07-04,M006,C006,CA,Facility-06,1478.23,kWh,OK
2026-07-04,M007,C007,AU,Facility-07,1507.61,kWh,OK
2026-07-04,M008,C008,SG,Facility-08,958.0,kWh,OK
2026-07-04,M009,C009,IN,Facility-09,827.97,kWh,OK
2026-07-04,M010,C010,NL,Facility-10,1416.34,kWh,OK
2026-07-04,M011,C011,US,Facility-11,786.78,kWh,OK
2026-07-04,M012,C012,SE,Facility-12,2442.67,kWh,OK
2026-07-04,M013,C013,MX,Facility-13,1307.21,kWh,OK
2026-07-04,M014,C014,NL,Facility-14,1494.59,kWh,OK
2026-07-04,M015,C015,UK,Facility-15,830.98,kWh,OK
2026-07-04,M016,C016,US,Facility-16,816.47,kWh,OK
2026-07-04,M017,C017,DE,Facility-17,1671.21,kWh,OK
2026-07-04,M018,C018,CA,Facility-18,844.7,kWh,OK
2026-07-04,M019,C019,US,Facility-19,1542.85,kWh,OK
2026-07-04,M020,C020,SG,Facility-20,879.73,kWh,OK
2026-07-04,M021,C001,US,Facility-01,926.05,kWh,OK
2026-07-04,M022,C002,US,Facility-02,1249.09,kWh,OK
2026-07-04,M023,C003,DE,Facility-03,1689.32,kWh,OK
2026-07-04,M024,C004,UK,Facility-04,964.33,kWh,OK
2026-07-04,M025,C005,US,Facility-05,1383.24,kWh,OK
2026-07-04,M026,C006,CA,Facility-06,1448.01,kWh,OK
2026-07-04,M027,C007,AU,Facility-07,1386.18,kWh,OK
2026-07-04,M028,C008,SG,Facility-08,944.3,kWh,OK
2026-07-04,M029,C009,IN,Facility-09,796.79,kWh,OK
2026-07-04,M030,C010,NL,Facility-10,1449.39,kWh,OK
2026-07-04,M031,C011,US,Facility-11,770.43,kWh,OK
2026-07-04,M032,C012,SE,Facility-12,2146.28,kWh,OK
2026-07-04,M033,C013,MX,Facility-13,1559.81,kWh,OK
2026-07-04,M034,C014,NL,Facility-14,1511.65,kWh,OK
2026-07-04,M035,C015,UK,Facility-15,919.06,kWh,OK
2026-07-04,M036,C016,US,Facility-16,914.96,kWh,OK
2026-07-04,M037,C017,DE,Facility-17,2009.91,kWh,OK
2026-07-04,M038,C018,CA,Facility-18,749.71,kWh,OK
2026-07-04,M039,C019,US,Facility-19,1562.6,kWh,OK
2026-07-04,M040,C020,SG,Facility-20,790.52,kWh,OK
2026-07-04,M041,C001,US,Facility-01,942.83,kWh,OK
2026-07-04,M042,C002,US,Facility-02,1079.48,kWh,OK
2026-07-04,M043,C003,DE,Facility-03,1586.1,kWh,OK
2026-07-04,M044,C004,UK,Facility-04,922.37,kWh,OK
2026-07-04,M045,C005,US,Facility-05,1381.28,kWh,OK
2026-07-04,M046,C006,CA,Facility-06,1424.29,kWh,OK
2026-07-04,M047,C007,AU,Facility-07,,kWh,MISSING
2026-07-04,M048,C008,SG,Facility-08,873.33,kWh,OK
2026-07-04,M049,C009,IN,Facility-09,744.74,kWh,OK
2026-07-04,M050,C010,NL,Facility-10,1423.22,kWh,OK
2026-07-04,M051,C011,US,Facility-11,898.24,kWh,OK
2026-07-04,M052,C012,SE,Facility-12,2726.94,kWh,OK
2026-07-04,M053,C013,MX,Facility-13,1442.91,kWh,OK
2026-07-04,M054,C014,NL,Facility-14,1488.03,kWh,OK
2026-07-04,M055,C015,UK,Facility-15,892.35,kWh,OK
2026-07-04,M056,C016,US,Facility-16,839.35,kWh,OK
2026-07-04,M057,C017,DE,Facility-17,2010.66,kWh,OK
2026-07-04,M058,C018,CA,Facility-18,686.28,kWh,OK
2026-07-04,M059,C019,US,Facility-19,1684.73,kWh,OK
2026-07-04,M060,C020,SG,Facility-20,931.56,kWh,OK
2026-07-05,M001,C001,US,Facility-01,985.18,kWh,OK
2026-07-05,M002,C002,US,Facility-02,1092.58,kWh,OK
2026-07-05,M003,C003,DE,Facility-03,1597.61,kWh,OK
2026-07-05,M004,C004,UK,Facility-04,891.4,kWh,OK
2026-07-05,M005,C005,US,Facility-05,1298.11,kWh,OK
2026-07-05,M006,C006,CA,Facility-06,1472.73,kWh,OK
2026-07-05,M007,C007,AU,Facility-07,1439.35,kWh,OK
2026-07-05,M008,C008,SG,Facility-08,985.98,kWh,OK
2026-07-05,M009,C009,IN,Facility-09,790.74,kWh,OK
2026-07-05,M010,C010,NL,Facility-10,1614.59,kWh,OK
2026-07-05,M011,C011,US,Facility-11,941.36,kWh,OK
2026-07-05,M012,C012,SE,Facility-12,2398.3,kWh,OK
2026-07-05,M013,C013,MX,Facility-13,1481.85,kWh,OK
2026-07-05,M014,C014,NL,Facility-14,1544.92,kWh,OK
2026-07-05,M015,C015,UK,Facility-15,825.24,kWh,OK
2026-07-05,M016,C016,US,Facility-16,1042.38,kWh,OK
2026-07-05,M017,C017,DE,Facility-17,1646.24,kWh,OK
2026-07-05,M018,C018,CA,Facility-18,688.81,kWh,OK
2026-07-05,M019,C019,US,Facility-19,1747.96,kWh,OK
2026-07-05,M020,C020,SG,Facility-20,832.22,kWh,OK
2026-07-05,M021,C001,US,Facility-01,831.25,kWh,OK
2026-07-05,M022,C002,US,Facility-02,1084.88,kWh,OK
2026-07-05,M023,C003,DE,Facility-03,1784.67,kWh,OK
2026-07-05,M024,C004,UK,Facility-04,1062.01,kWh,OK
2026-07-05,M025,C005,US,Facility-05,1272.4,kWh,OK
2026-07-05,M026,C006,CA,Facility-06,1665.73,kWh,OK
2026-07-05,M027,C007,AU,Facility-07,1538.99,kWh,OK
2026-07-05,M028,C008,SG,Facility-08,804.58,kWh,OK
2026-07-05,M029,C009,IN,Facility-09,810.73,kWh,OK
2026-07-05,M030,C010,NL,Facility-10,1374.18,kWh,OK
2026-07-05,M031,C011,US,Facility-11,851.74,kWh,OK
2026-07-05,M032,C012,SE,Facility-12,2164.91,kWh,OK
2026-07-05,M033,C013,MX,Facility-13,1501.52,kWh,OK
2026-07-05,M034,C014,NL,Facility-14,1810.66,kWh,OK
2026-07-05,M035,C015,UK,Facility-15,738.66,kWh,OK
2026-07-05,M036,C016,US,Facility-16,1017.63,kWh,OK
2026-07-05,M037,C017,DE,Facility-17,1817.03,kWh,OK
2026-07-05,M038,C018,CA,Facility-18,751.55,kWh,OK
2026-07-05,M039,C019,US,Facility-19,1751.61,kWh,OK
2026-07-05,M040,C020,SG,Facility-20,873.86,kWh,OK
2026-07-05,M041,C001,US,Facility-01,962.81,kWh,OK
2026-07-05,M042,C002,US,Facility-02,1106.68,kWh,OK
2026-07-05,M043,C003,DE,Facility-03,1764.16,kWh,OK
2026-07-05,M044,C004,UK,Facility-04,1003.8,kWh,OK
2026-07-05,M045,C005,US,Facility-05,1383.52,kWh,OK
2026-07-05,M046,C006,CA,Facility-06,1591.73,kWh,OK
2026-07-05,M047,C007,AU,Facility-07,1580.48,kWh,OK
2026-07-05,M048,C008,SG,Facility-08,952.04,kWh,OK
2026-07-05,M049,C009,IN,Facility-09,727.05,kWh,OK
2026-07-05,M050,C010,NL,Facility-10,1548.71,kWh,OK
2026-07-05,M051,C011,US,Facility-11,916.11,kWh,OK
2026-07-05,M052,C012,SE,Facility-12,2713.78,kWh,OK
2026-07-05,M053,C013,MX,Facility-13,,kWh,MISSING
2026-07-05,M054,C014,NL,Facility-14,1803.72,kWh,OK
2026-07-05,M055,C015,UK,Facility-15,764.77,kWh,OK
2026-07-05,M056,C016,US,Facility-16,950.15,kWh,OK
2026-07-05,M057,C017,DE,Facility-17,1688.86,kWh,OK
2026-07-05,M058,C018,CA,Facility-18,746.54,kWh,OK
2026-07-05,M059,C019,US,Facility-19,1798.17,kWh,OK
2026-07-05,M060,C020,SG,Facility-20,788.68,kWh,OK
2026-07-06,M001,C001,US,Facility-01,976.1,kWh,OK
2026-07-06,M002,C002,US,Facility-02,1449.38,kWh,OK
2026-07-06,M003,C003,DE,Facility-03,1888.22,kWh,OK
2026-07-06,M004,C004,UK,Facility-04,1227.58,kWh,OK
2026-07-06,M005,C005,US,Facility-05,1580.83,kWh,OK
2026-07-06,M006,C006,CA,Facility-06,1909.1,kWh,OK
2026-07-06,M007,C007,AU,Facility-07,1825.44,kWh,OK
2026-07-06,M008,C008,SG,Facility-08,987.37,kWh,OK
2026-07-06,M009,C009,IN,Facility-09,995.36,kWh,OK
2026-07-06,M010,C010,NL,Facility-10,1798.45,kWh,OK
2026-07-06,M011,C011,US,Facility-11,991.68,kWh,OK
2026-07-06,M012,C012,SE,Facility-12,3186.23,kWh,OK
2026-07-06,M013,C013,MX,Facility-13,1768.23,kWh,OK
2026-07-06,M014,C014,NL,Facility-14,2088.06,kWh,OK
2026-07-06,M015,C015,UK,Facility-15,1101.75,kWh,OK
2026-07-06,M016,C016,US,Facility-16,1191.93,kWh,OK
2026-07-06,M017,C017,DE,Facility-17,2373.75,kWh,OK
2026-07-06,M018,C018,CA,Facility-18,3267.44,kWh,ANOMALY
2026-07-06,M019,C019,US,Facility-19,2164.73,kWh,OK
2026-07-06,M020,C020,SG,Facility-20,1058.48,kWh,OK
2026-07-06,M021,C001,US,Facility-01,965.25,kWh,OK
2026-07-06,M022,C002,US,Facility-02,1385.05,kWh,OK
2026-07-06,M023,C003,DE,Facility-03,1677.32,kWh,OK
2026-07-06,M024,C004,UK,Facility-04,1081.84,kWh,OK
2026-07-06,M025,C005,US,Facility-05,1702.55,kWh,OK
2026-07-06,M026,C006,CA,Facility-06,1619.06,kWh,OK
2026-07-06,M027,C007,AU,Facility-07,1746.01,kWh,OK
2026-07-06,M028,C008,SG,Facility-08,1157.66,kWh,OK
2026-07-06,M029,C009,IN,Facility-09,855.65,kWh,OK
2026-07-06,M030,C010,NL,Facility-10,1686.1,kWh,OK
2026-07-06,M031,C011,US,Facility-11,863.63,kWh,OK
2026-07-06,M032,C012,SE,Facility-12,3213.71,kWh,OK
2026-07-06,M033,C013,MX,Facility-13,1709.84,kWh,OK
2026-07-06,M034,C014,NL,Facility-14,1892.01,kWh,OK
2026-07-06,M035,C015,UK,Facility-15,888.69,kWh,OK
2026-07-06,M036,C016,US,Facility-16,1136.51,kWh,OK
2026-07-06,M037,C017,DE,Facility-17,1857.8,kWh,OK
2026-07-06,M038,C018,CA,Facility-18,816.21,kWh,OK
2026-07-06,M039,C019,US,Facility-19,2213.99,kWh,OK
2026-07-06,M040,C020,SG,Facility-20,1070.37,kWh,OK
2026-07-06,M041,C001,US,Facility-01,4509.7,kWh,ANOMALY
2026-07-06,M042,C002,US,Facility-02,1233.63,kWh,OK
2026-07-06,M043,C003,DE,Facility-03,1968.16,kWh,OK
2026-07-06,M044,C004,UK,Facility-04,1224.98,kWh,OK
2026-07-06,M045,C005,US,Facility-05,1399.06,kWh,OK
2026-07-06,M046,C006,CA,Facility-06,1818.49,kWh,OK
2026-07-06,M047,C007,AU,Facility-07,1893.56,kWh,OK
2026-07-06,M048,C008,SG,Facility-08,1039.47,kWh,OK
2026-07-06,M049,C009,IN,Facility-09,1007.65,kWh,OK
2026-07-06,M050,C010,NL,Facility-10,1672.48,kWh,OK
2026-07-06,M051,C011,US,Facility-11,976.41,kWh,OK
2026-07-06,M052,C012,SE,Facility-12,2872.5,kWh,OK
2026-07-06,M053,C013,MX,Facility-13,1455.74,kWh,OK
2026-07-06,M054,C014,NL,Facility-14,1849.72,kWh,OK
2026-07-06,M055,C015,UK,Facility-15,940.15,kWh,OK
2026-07-06,M056,C016,US,Facility-16,1077.8,kWh,OK
2026-07-06,M057,C017,DE,Facility-17,2228.94,kWh,OK
2026-07-06,M058,C018,CA,Facility-18,965.72,kWh,OK
2026-07-06,M059,C019,US,Facility-19,2046.67,kWh,OK
2026-07-06,M060,C020,SG,Facility-20,965.66,kWh,OK
2026-07-07,M001,C001,US,Facility-01,1016.72,kWh,OK
2026-07-07,M002,C002,US,Facility-02,1241.58,kWh,OK
2026-07-07,M003,C003,DE,Facility-03,2051.21,kWh,OK
2026-07-07,M004,C004,UK,Facility-04,1209.96,kWh,OK
2026-07-07,M005,C005,US,Facility-05,1561.11,kWh,OK
2026-07-07,M006,C006,CA,Facility-06,1630.7,kWh,OK
2026-07-07,M007,C007,AU,Facility-07,1880.95,kWh,OK
2026-07-07,M008,C008,SG,Facility-08,1163.65,kWh,OK
2026-07-07,M009,C009,IN,Facility-09,958.02,kWh,OK
2026-07-07,M010,C010,NL,Facility-10,1570.72,kWh,OK
2026-07-07,M011,C011,US,Facility-11,948.25,kWh,OK
2026-07-07,M012,C012,SE,Facility-12,3107.46,kWh,OK
2026-07-07,M013,C013,MX,Facility-13,1765.6,kWh,OK
2026-07-07,M014,C014,NL,Facility-14,1723.99,kWh,OK
2026-07-07,M015,C015,UK,Facility-15,925.51,kWh,OK
2026-07-07,M016,C016,US,Facility-16,,kWh,MISSING
2026-07-07,M017,C017,DE,Facility-17,2320.62,kWh,OK
2026-07-07,M018,C018,CA,Facility-18,819.92,kWh,OK
2026-07-07,M019,C019,US,Facility-19,2203.83,kWh,OK
2026-07-07,M020,C020,SG,Facility-20,937.33,kWh,OK
2026-07-07,M021,C001,US,Facility-01,1110.11,kWh,OK
2026-07-07,M022,C002,US,Facility-02,1206.47,kWh,OK
2026-07-07,M023,C003,DE,Facility-03,1974.44,kWh,OK
2026-07-07,M024,C004,UK,Facility-04,1135.68,kWh,OK
2026-07-07,M025,C005,US,Facility-05,1627.34,kWh,OK
2026-07-07,M026,C006,CA,Facility-06,1705.57,kWh,OK
2026-07-07,M027,C007,AU,Facility-07,1843.12,kWh,OK
2026-07-07,M028,C008,SG,Facility-08,3133.8,kWh,ANOMALY
2026-07-07,M029,C009,IN,Facility-09,851.47,kWh,OK
2026-07-07,M030,C010,NL,Facility-10,1476.48,kWh,OK
2026-07-07,M031,C011,US,Facility-11,951.45,kWh,OK
2026-07-07,M032,C012,SE,Facility-12,3126.83,kWh,OK
2026-07-07,M033,C013,MX,Facility-13,1783.81,kWh,OK
2026-07-07,M034,C014,NL,Facility-14,2176.31,kWh,OK
2026-07-07,M035,C015,UK,Facility-15,1003.05,kWh,OK
2026-07-07,M036,C016,US,Facility-16,982.74,kWh,OK
2026-07-07,M037,C017,DE,Facility-17,2283.24,kWh,OK
2026-07-07,M038,C018,CA,Facility-18,1000.78,kWh,OK
2026-07-07,M039,C019,US,Facility-19,1935.57,kWh,OK
2026-07-07,M040,C020,SG,Facility-20,951.13,kWh,OK
2026-07-07,M041,C001,US,Facility-01,991.73,kWh,OK
2026-07-07,M042,C002,US,Facility-02,1228.02,kWh,OK
2026-07-07,M043,C003,DE,Facility-03,1816.53,kWh,OK
2026-07-07,M044,C004,UK,Facility-04,1232.33,kWh,OK
2026-07-07,M045,C005,US,Facility-05,1408.11,kWh,OK
2026-07-07,M046,C006,CA,Facility-06,1878.68,kWh,OK
2026-07-07,M047,C007,AU,Facility-07,1764.42,kWh,OK
2026-07-07,M048,C008,SG,Facility-08,1024.78,kWh,OK
2026-07-07,M049,C009,IN,Facility-09,971.89,kWh,OK
2026-07-07,M050,C010,NL,Facility-10,1746.11,kWh,OK
2026-07-07,M051,C011,US,Facility-11,967.11,kWh,OK
2026-07-07,M052,C012,SE,Facility-12,2550.7,kWh,OK
2026-07-07,M053,C013,MX,Facility-13,1611.64,kWh,OK
2026-07-07,M054,C014,NL,Facility-14,1749.5,kWh,OK
2026-07-07,M055,C015,UK,Facility-15,1013.59,kWh,OK
2026-07-07,M056,C016,US,Facility-16,1106.05,kWh,OK
2026-07-07,M057,C017,DE,Facility-17,2091.46,kWh,OK
2026-07-07,M058,C018,CA,Facility-18,861.69,kWh,OK
2026-07-07,M059,C019,US,Facility-19,1838.77,kWh,OK
2026-07-07,M060,C020,SG,Facility-20,937.97,kWh,OK
2026-07-08,M001,C001,US,Facility-01,948.91,kWh,OK
2026-07-08,M002,C002,US,Facility-02,1342.24,kWh,OK
2026-07-08,M003,C003,DE,Facility-03,1827.96,kWh,OK
2026-07-08,M004,C004,UK,Facility-04,1092.46,kWh,OK
2026-07-08,M005,C005,US,Facility-05,1585.03,kWh,OK
2026-07-08,M006,C006,CA,Facility-06,1889.31,kWh,OK
2026-07-08,M007,C007,AU,Facility-07,1838.32,kWh,OK
2026-07-08,M008,C008,SG,Facility-08,993.9,kWh,OK
2026-07-08,M009,C009,IN,Facility-09,902.87,kWh,OK
2026-07-08,M010,C010,NL,Facility-10,1643.72,kWh,OK
2026-07-08,M011,C011,US,Facility-11,933.6,kWh,OK
2026-07-08,M012,C012,SE,Facility-12,3111.88,kWh,OK
2026-07-08,M013,C013,MX,Facility-13,1732.14,kWh,OK
2026-07-08,M014,C014,NL,Facility-14,2037.25,kWh,OK
2026-07-08,M015,C015,UK,Facility-15,949.63,kWh,OK
2026-07-08,M016,C016,US,Facility-16,1216.51,kWh,OK
2026-07-08,M017,C017,DE,Facility-17,1921.19,kWh,OK
2026-07-08,M018,C018,CA,Facility-18,810.45,kWh,OK
2026-07-08,M019,C019,US,Facility-19,2277.22,kWh,OK
2026-07-08,M020,C020,SG,Facility-20,1044.36,kWh,OK
2026-07-08,M021,C001,US,Facility-01,946.16,kWh,OK
2026-07-08,M022,C002,US,Facility-02,1471.97,kWh,OK
2026-07-08,M023,C003,DE,Facility-03,1846.44,kWh,OK
2026-07-08,M024,C004,UK,Facility-04,1123.51,kWh,OK
2026-07-08,M025,C005,US,Facility-05,1507.04,kWh,OK
2026-07-08,M026,C006,CA,Facility-06,1949.88,kWh,OK
2026-07-08,M027,C007,AU,Facility-07,1706.98,kWh,OK
2026-07-08,M028,C008,SG,Facility-08,1028.2,kWh,OK
2026-07-08,M029,C009,IN,Facility-09,945.82,kWh,OK
2026-07-08,M030,C010,NL,Facility-10,1821.86,kWh,OK
2026-07-08,M031,C011,US,Facility-11,1017.4,kWh,OK
2026-07-08,M032,C012,SE,Facility-12,2585.11,kWh,OK
2026-07-08,M033,C013,MX,Facility-13,1541.55,kWh,OK
2026-07-08,M034,C014,NL,Facility-14,2168.3,kWh,OK
2026-07-08,M035,C015,UK,Facility-15,1097.58,kWh,OK
2026-07-08,M036,C016,US,Facility-16,1048.56,kWh,OK
2026-07-08,M037,C017,DE,Facility-17,2119.97,kWh,OK
2026-07-08,M038,C018,CA,Facility-18,874.1,kWh,OK
2026-07-08,M039,C019,US,Facility-19,2253.48,kWh,OK
2026-07-08,M040,C020,SG,Facility-20,886.18,kWh,OK
2026-07-08,M041,C001,US,Facility-01,1088.56,kWh,OK
2026-07-08,M042,C002,US,Facility-02,3420.97,kWh,ANOMALY
2026-07-08,M043,C003,DE,Facility-03,2052.77,kWh,OK
2026-07-08,M044,C004,UK,Facility-04,1148.04,kWh,OK
2026-07-08,M045,C005,US,Facility-05,1448.95,kWh,OK
2026-07-08,M046,C006,CA,Facility-06,1943.03,kWh,OK
2026-07-08,M047,C007,AU,Facility-07,1951.4,kWh,OK
2026-07-08,M048,C008,SG,Facility-08,1042.55,kWh,OK
2026-07-08,M049,C009,IN,Facility-09,922.07,kWh,OK
2026-07-08,M050,C010,NL,Facility-10,1654.43,kWh,OK
2026-07-08,M051,C011,US,Facility-11,1101.67,kWh,OK
2026-07-08,M052,C012,SE,Facility-12,2885.14,kWh,OK
2026-07-08,M053,C013,MX,Facility-13,1585.82,kWh,OK
2026-07-08,M054,C014,NL,Facility-14,2206.58,kWh,OK
2026-07-08,M055,C015,UK,Facility-15,1057.56,kWh,OK
2026-07-08,M056,C016,US,Facility-16,1126.81,kWh,OK
2026-07-08,M057,C017,DE,Facility-17,2027.53,kWh,OK
2026-07-08,M058,C018,CA,Facility-18,976.07,kWh,OK
2026-07-08,M059,C019,US,Facility-19,2053.65,kWh,OK
2026-07-08,M060,C020,SG,Facility-20,1055.73,kWh,OK
2026-07-09,M001,C001,US,Facility-01,1024.97,kWh,OK
2026-07-09,M002,C002,US,Facility-02,1258.01,kWh,OK
2026-07-09,M003,C003,DE,Facility-03,1897.29,kWh,OK
2026-07-09,M004,C004,UK,Facility-04,1067.5,kWh,OK
2026-07-09,M005,C005,US,Facility-05,1470.89,kWh,OK
2026-07-09,M006,C006,CA,Facility-06,1728.21,kWh,OK
2026-07-09,M007,C007,AU,Facility-07,1944.27,kWh,OK
2026-07-09,M008,C008,SG,Facility-08,1008.14,kWh,OK
2026-07-09,M009,C009,IN,Facility-09,938.58,kWh,OK
2026-07-09,M010,C010,NL,Facility-10,1821.81,kWh,OK
2026-07-09,M011,C011,US,Facility-11,1007.61,kWh,OK
2026-07-09,M012,C012,SE,Facility-12,2747.17,kWh,OK
2026-07-09,M013,C013,MX,Facility-13,1550.55,kWh,OK
2026-07-09,M014,C014,NL,Facility-14,2059.35,kWh,OK
2026-07-09,M015,C015,UK,Facility-15,1078.22,kWh,OK
2026-07-09,M016,C016,US,Facility-16,1027.5,kWh,OK
2026-07-09,M017,C017,DE,Facility-17,1887.08,kWh,OK
2026-07-09,M018,C018,CA,Facility-18,973.19,kWh,OK
2026-07-09,M019,C019,US,Facility-19,1881.94,kWh,OK
2026-07-09,M020,C020,SG,Facility-20,860.31,kWh,OK
2026-07-09,M021,C001,US,Facility-01,1000.6,kWh,OK
2026-07-09,M022,C002,US,Facility-02,1400.39,kWh,OK
2026-07-09,M023,C003,DE,Facility-03,1827.55,kWh,OK
2026-07-09,M024,C004,UK,Facility-04,1148.53,kWh,OK
2026-07-09,M025,C005,US,Facility-05,1428.69,kWh,OK
2026-07-09,M026,C006,CA,Facility-06,1805.92,kWh,OK
2026-07-09,M027,C007,AU,Facility-07,1658.73,kWh,OK
2026-07-09,M028,C008,SG,Facility-08,1171.13,kWh,OK
2026-07-09,M029,C009,IN,Facility-09,937.05,kWh,OK
2026-07-09,M030,C010,NL,Facility-10,1669.87,kWh,OK
2026-07-09,M031,C011,US,Facility-11,877.55,kWh,OK
2026-07-09,M032,C012,SE,Facility-12,2745.97,kWh,OK
2026-07-09,M033,C013,MX,Facility-13,1649.55,kWh,OK
2026-07-09,M034,C014,NL,Facility-14,2070.5,kWh,OK
2026-07-09,M035,C015,UK,Facility-15,1058.88,kWh,OK
2026-07-09,M036,C016,US,Facility-16,1006.84,kWh,OK
2026-07-09,M037,C017,DE,Facility-17,1860.49,kWh,OK
2026-07-09,M038,C018,CA,Facility-18,973.78,kWh,OK
2026-07-09,M039,C019,US,Facility-19,1851.76,kWh,OK
2026-07-09,M040,C020,SG,Facility-20,1032.42,kWh,OK
2026-07-09,M041,C001,US,Facility-01,1122.51,kWh,OK
2026-07-09,M042,C002,US,Facility-02,1413.46,kWh,OK
2026-07-09,M043,C003,DE,Facility-03,1814.17,kWh,OK
2026-07-09,M044,C004,UK,Facility-04,1180.91,kWh,OK
2026-07-09,M045,C005,US,Facility-05,1500.63,kWh,OK
2026-07-09,M046,C006,CA,Facility-06,1631.6,kWh,OK
2026-07-09,M047,C007,AU,Facility-07,1686.43,kWh,OK
2026-07-09,M048,C008,SG,Facility-08,1156.3,kWh,OK
2026-07-09,M049,C009,IN,Facility-09,878.88,kWh,OK
2026-07-09,M050,C010,NL,Facility-10,1527.6,kWh,OK
2026-07-09,M051,C011,US,Facility-11,982.37,kWh,OK
2026-07-09,M052,C012,SE,Facility-12,2623.36,kWh,OK
2026-07-09,M053,C013,MX,Facility-13,1676.0,kWh,OK
2026-07-09,M054,C014,NL,Facility-14,2127.83,kWh,OK
2026-07-09,M055,C015,UK,Facility-15,1020.29,kWh,OK
2026-07-09,M056,C016,US,Facility-16,1165.76,kWh,OK
2026-07-09,M057,C017,DE,Facility-17,2117.81,kWh,OK
2026-07-09,M058,C018,CA,Facility-18,1009.35,kWh,OK
2026-07-09,M059,C019,US,Facility-19,2171.22,kWh,OK
2026-07-09,M060,C020,SG,Facility-20,866.63,kWh,OK
2026-07-10,M001,C001,US,Facility-01,957.31,kWh,OK
2026-07-10,M002,C002,US,Facility-02,1440.15,kWh,OK
2026-07-10,M003,C003,DE,Facility-03,2121.07,kWh,OK
2026-07-10,M004,C004,UK,Facility-04,1157.98,kWh,OK
2026-07-10,M005,C005,US,Facility-05,1435.71,kWh,OK
2026-07-10,M006,C006,CA,Facility-06,1708.81,kWh,OK
2026-07-10,M007,C007,AU,Facility-07,1652.59,kWh,OK
2026-07-10,M008,C008,SG,Facility-08,992.31,kWh,OK
2026-07-10,M009,C009,IN,Facility-09,1002.79,kWh,OK
2026-07-10,M010,C010,NL,Facility-10,1690.2,kWh,OK
2026-07-10,M011,C011,US,Facility-11,1094.24,kWh,OK
2026-07-10,M012,C012,SE,Facility-12,2668.55,kWh,OK
2026-07-10,M013,C013,MX,Facility-13,1629.69,kWh,OK
2026-07-10,M014,C014,NL,Facility-14,1948.57,kWh,OK
2026-07-10,M015,C015,UK,Facility-15,966.94,kWh,OK
2026-07-10,M016,C016,US,Facility-16,1164.89,kWh,OK
2026-07-10,M017,C017,DE,Facility-17,2157.21,kWh,OK
2026-07-10,M018,C018,CA,Facility-18,804.03,kWh,OK
2026-07-10,M019,C019,US,Facility-19,1955.0,kWh,OK
2026-07-10,M020,C020,SG,Facility-20,881.45,kWh,OK
2026-07-10,M021,C001,US,Facility-01,1114.93,kWh,OK
2026-07-10,M022,C002,US,Facility-02,1452.99,kWh,OK
2026-07-10,M023,C003,DE,Facility-03,1889.85,kWh,OK
2026-07-10,M024,C004,UK,Facility-04,1090.89,kWh,OK
2026-07-10,M025,C005,US,Facility-05,1568.89,kWh,OK
2026-07-10,M026,C006,CA,Facility-06,1858.94,kWh,OK
2026-07-10,M027,C007,AU,Facility-07,1875.96,kWh,OK
2026-07-10,M028,C008,SG,Facility-08,1126.2,kWh,OK
2026-07-10,M029,C009,IN,Facility-09,890.77,kWh,OK
2026-07-10,M030,C010,NL,Facility-10,1766.39,kWh,OK
2026-07-10,M031,C011,US,Facility-11,1056.72,kWh,OK
2026-07-10,M032,C012,SE,Facility-12,2528.81,kWh,OK
2026-07-10,M033,C013,MX,Facility-13,1750.68,kWh,OK
2026-07-10,M034,C014,NL,Facility-14,2075.34,kWh,OK
2026-07-10,M035,C015,UK,Facility-15,1017.14,kWh,OK
2026-07-10,M036,C016,US,Facility-16,991.9,kWh,OK
2026-07-10,M037,C017,DE,Facility-17,2363.35,kWh,OK
2026-07-10,M038,C018,CA,Facility-18,859.87,kWh,OK
2026-07-10,M039,C019,US,Facility-19,2024.7,kWh,OK
2026-07-10,M040,C020,SG,Facility-20,1071.16,kWh,OK
2026-07-10,M041,C001,US,Facility-01,939.71,kWh,OK
2026-07-10,M042,C002,US,Facility-02,1420.44,kWh,OK
2026-07-10,M043,C003,DE,Facility-03,1730.82,kWh,OK
2026-07-10,M044,C004,UK,Facility-04,1097.13,kWh,OK
2026-07-10,M045,C005,US,Facility-05,1583.46,kWh,OK
2026-07-10,M046,C006,CA,Facility-06,1663.27,kWh,OK
2026-07-10,M047,C007,AU,Facility-07,1641.94,kWh,OK
2026-07-10,M048,C008,SG,Facility-08,982.04,kWh,OK
2026-07-10,M049,C009,IN,Facility-09,894.94,kWh,OK
2026-07-10,M050,C010,NL,Facility-10,1819.31,kWh,OK
2026-07-10,M051,C011,US,Facility-11,1026.36,kWh,OK
2026-07-10,M052,C012,SE,Facility-12,3115.73,kWh,OK
2026-07-10,M053,C013,MX,Facility-13,1543.81,kWh,OK
2026-07-10,M054,C014,NL,Facility-14,1885.79,kWh,OK
2026-07-10,M055,C015,UK,Facility-15,979.15,kWh,OK
2026-07-10,M056,C016,US,Facility-16,1212.39,kWh,OK
2026-07-10,M057,C017,DE,Facility-17,2181.98,kWh,OK
2026-07-10,M058,C018,CA,Facility-18,942.67,kWh,OK
2026-07-10,M059,C019,US,Facility-19,1833.77,kWh,OK
2026-07-10,M060,C020,SG,Facility-20,,kWh,MISSING
2026-07-11,M001,C001,US,Facility-01,894.18,kWh,OK
2026-07-11,M002,C002,US,Facility-02,1291.57,kWh,OK
2026-07-11,M003,C003,DE,Facility-03,1485.29,kWh,OK
2026-07-11,M004,C004,UK,Facility-04,1007.48,kWh,OK
2026-07-11,M005,C005,US,Facility-05,1325.71,kWh,OK
2026-07-11,M006,C006,CA,Facility-06,1711.73,kWh,OK
2026-07-11,M007,C007,AU,Facility-07,1653.43,kWh,OK
2026-07-11,M008,C008,SG,Facility-08,997.81,kWh,OK
2026-07-11,M009,C009,IN,Facility-09,889.96,kWh,OK
2026-07-11,M010,C010,NL,Facility-10,5407.08,kWh,ANOMALY
2026-07-11,M011,C011,US,Facility-11,940.26,kWh,OK
2026-07-11,M012,C012,SE,Facility-12,2480.43,kWh,OK
2026-07-11,M013,C013,MX,Facility-13,1515.71,kWh,OK
2026-07-11,M014,C014,NL,Facility-14,1505.78,kWh,OK
2026-07-11,M015,C015,UK,Facility-15,786.2,kWh,OK
2026-07-11,M016,C016,US,Facility-16,998.75,kWh,OK
2026-07-11,M017,C017,DE,Facility-17,1654.19,kWh,OK
2026-07-11,M018,C018,CA,Facility-18,834.14,kWh,OK
2026-07-11,M019,C019,US,Facility-19,1842.4,kWh,OK
2026-07-11,M020,C020,SG,Facility-20,794.76,kWh,OK
2026-07-11,M021,C001,US,Facility-01,822.64,kWh,OK
2026-07-11,M022,C002,US,Facility-02,,kWh,MISSING
2026-07-11,M023,C003,DE,Facility-03,1673.53,kWh,OK
2026-07-11,M024,C004,UK,Facility-04,875.58,kWh,OK
2026-07-11,M025,C005,US,Facility-05,1301.72,kWh,OK
2026-07-11,M026,C006,CA,Facility-06,1463.88,kWh,OK
2026-07-11,M027,C007,AU,Facility-07,1425.88,kWh,OK
2026-07-11,M028,C008,SG,Facility-08,801.16,kWh,OK
2026-07-11,M029,C009,IN,Facility-09,821.82,kWh,OK
2026-07-11,M030,C010,NL,Facility-10,1429.44,kWh,OK
2026-07-11,M031,C011,US,Facility-11,775.66,kWh,OK
2026-07-11,M032,C012,SE,Facility-12,2688.72,kWh,OK
2026-07-11,M033,C013,MX,Facility-13,1463.0,kWh,OK
2026-07-11,M034,C014,NL,Facility-14,1483.87,kWh,OK
2026-07-11,M035,C015,UK,Facility-15,854.3,kWh,OK
2026-07-11,M036,C016,US,Facility-16,934.07,kWh,OK
2026-07-11,M037,C017,DE,Facility-17,1843.61,kWh,OK
2026-07-11,M038,C018,CA,Facility-18,830.52,kWh,OK
2026-07-11,M039,C019,US,Facility-19,1745.85,kWh,OK
2026-07-11,M040,C020,SG,Facility-20,898.34,kWh,OK
2026-07-11,M041,C001,US,Facility-01,954.65,kWh,OK
2026-07-11,M042,C002,US,Facility-02,1025.54,kWh,OK
2026-07-11,M043,C003,DE,Facility-03,1814.61,kWh,OK
2026-07-11,M044,C004,UK,Facility-04,1079.44,kWh,OK
2026-07-11,M045,C005,US,Facility-05,1390.95,kWh,OK
2026-07-11,M046,C006,CA,Facility-06,1596.54,kWh,OK
2026-07-11,M047,C007,AU,Facility-07,1459.76,kWh,OK
2026-07-11,M048,C008,SG,Facility-08,856.28,kWh,OK
2026-07-11,M049,C009,IN,Facility-09,808.14,kWh,OK
2026-07-11,M050,C010,NL,Facility-10,1321.05,kWh,OK
2026-07-11,M051,C011,US,Facility-11,,kWh,MISSING
2026-07-11,M052,C012,SE,Facility-12,2151.7,kWh,OK
2026-07-11,M053,C013,MX,Facility-13,1405.99,kWh,OK
2026-07-11,M054,C014,NL,Facility-14,1563.85,kWh,OK
2026-07-11,M055,C015,UK,Facility-15,933.03,kWh,OK
2026-07-11,M056,C016,US,Facility-16,1003.23,kWh,OK
2026-07-11,M057,C017,DE,Facility-17,5495.57,kWh,ANOMALY
2026-07-11,M058,C018,CA,Facility-18,677.0,kWh,OK
2026-07-11,M059,C019,US,Facility-19,1560.36,kWh,OK
2026-07-11,M060,C020,SG,Facility-20,775.63,kWh,OK
2026-07-12,M001,C001,US,Facility-01,781.95,kWh,OK
2026-07-12,M002,C002,US,Facility-02,1255.92,kWh,OK
2026-07-12,M003,C003,DE,Facility-03,1650.42,kWh,OK
2026-07-12,M004,C004,UK,Facility-04,921.46,kWh,OK
2026-07-12,M005,C005,US,Facility-05,1207.46,kWh,OK
2026-07-12,M006,C006,CA,Facility-06,1716.42,kWh,OK
2026-07-12,M007,C007,AU,Facility-07,1554.13,kWh,OK
2026-07-12,M008,C008,SG,Facility-08,992.15,kWh,OK
2026-07-12,M009,C009,IN,Facility-09,858.9,kWh,OK
2026-07-12,M010,C010,NL,Facility-10,1310.2,kWh,OK
2026-07-12,M011,C011,US,Facility-11,830.58,kWh,OK
2026-07-12,M012,C012,SE,Facility-12,2584.17,kWh,OK
2026-07-12,M013,C013,MX,Facility-13,1412.41,kWh,OK
2026-07-12,M014,C014,NL,Facility-14,1515.01,kWh,OK
2026-07-12,M015,C015,UK,Facility-15,870.27,kWh,OK
2026-07-12,M016,C016,US,Facility-16,831.72,kWh,OK
2026-07-12,M017,C017,DE,Facility-17,1697.39,kWh,OK
2026-07-12,M018,C018,CA,Facility-18,843.38,kWh,OK
2026-07-12,M019,C019,US,Facility-19,1867.42,kWh,OK
2026-07-12,M020,C020,SG,Facility-20,911.75,kWh,OK
2026-07-12,M021,C001,US,Facility-01,772.6,kWh,OK
2026-07-12,M022,C002,US,Facility-02,1047.08,kWh,OK
2026-07-12,M023,C003,DE,Facility-03,1503.17,kWh,OK
2026-07-12,M024,C004,UK,Facility-04,1074.78,kWh,OK
2026-07-12,M025,C005,US,Facility-05,1260.92,kWh,OK
2026-07-12,M026,C006,CA,Facility-06,1444.31,kWh,OK
2026-07-12,M027,C007,AU,Facility-07,1349.76,kWh,OK
2026-07-12,M028,C008,SG,Facility-08,961.96,kWh,OK
2026-07-12,M029,C009,IN,Facility-09,782.32,kWh,OK
2026-07-12,M030,C010,NL,Facility-10,1308.98,kWh,OK
2026-07-12,M031,C011,US,Facility-11,853.32,kWh,OK
2026-07-12,M032,C012,SE,Facility-12,2345.65,kWh,OK
2026-07-12,M033,C013,MX,Facility-13,1389.83,kWh,OK
2026-07-12,M034,C014,NL,Facility-14,1568.07,kWh,OK
2026-07-12,M035,C015,UK,Facility-15,869.19,kWh,OK
2026-07-12,M036,C016,US,Facility-16,999.76,kWh,OK
2026-07-12,M037,C017,DE,Facility-17,1799.54,kWh,OK
2026-07-12,M038,C018,CA,Facility-18,797.46,kWh,OK
2026-07-12,M039,C019,US,Facility-19,1923.05,kWh,OK
2026-07-12,M040,C020,SG,Facility-20,889.22,kWh,OK
2026-07-12,M041,C001,US,Facility-01,,kWh,MISSING
2026-07-12,M042,C002,US,Facility-02,1163.21,kWh,OK
2026-07-12,M043,C003,DE,Facility-03,1678.94,kWh,OK
2026-07-12,M044,C004,UK,Facility-04,,kWh,MISSING
2026-07-12,M045,C005,US,Facility-05,1310.73,kWh,OK
2026-07-12,M046,C006,CA,Facility-06,1347.49,kWh,OK
2026-07-12,M047,C007,AU,Facility-07,1623.95,kWh,OK
2026-07-12,M048,C008,SG,Facility-08,792.67,kWh,OK
2026-07-12,M049,C009,IN,Facility-09,805.49,kWh,OK
2026-07-12,M050,C010,NL,Facility-10,1402.03,kWh,OK
2026-07-12,M051,C011,US,Facility-11,850.27,kWh,OK
2026-07-12,M052,C012,SE,Facility-12,2569.31,kWh,OK
2026-07-12,M053,C013,MX,Facility-13,1518.27,kWh,OK
2026-07-12,M054,C014,NL,Facility-14,1620.58,kWh,OK
2026-07-12,M055,C015,UK,Facility-15,732.7,kWh,OK
2026-07-12,M056,C016,US,Facility-16,913.39,kWh,OK
2026-07-12,M057,C017,DE,Facility-17,1971.3,kWh,OK
2026-07-12,M058,C018,CA,Facility-18,678.78,kWh,OK
2026-07-12,M059,C019,US,Facility-19,1941.62,kWh,OK
2026-07-12,M060,C020,SG,Facility-20,741.34,kWh,OK
2026-07-13,M001,C001,US,Facility-01,1053.2,kWh,OK
2026-07-13,M002,C002,US,Facility-02,1298.38,kWh,OK
2026-07-13,M003,C003,DE,Facility-03,2012.53,kWh,OK
2026-07-13,M004,C004,UK,Facility-04,1015.74,kWh,OK
2026-07-13,M005,C005,US,Facility-05,1658.68,kWh,OK
2026-07-13,M006,C006,CA,Facility-06,1728.12,kWh,OK
2026-07-13,M007,C007,AU,Facility-07,1989.3,kWh,OK
2026-07-13,M008,C008,SG,Facility-08,1165.24,kWh,OK
2026-07-13,M009,C009,IN,Facility-09,1021.06,kWh,OK
2026-07-13,M010,C010,NL,Facility-10,1888.71,kWh,OK
2026-07-13,M011,C011,US,Facility-11,862.85,kWh,OK
2026-07-13,M012,C012,SE,Facility-12,2872.75,kWh,OK
2026-07-13,M013,C013,MX,Facility-13,1603.21,kWh,OK
2026-07-13,M014,C014,NL,Facility-14,1754.03,kWh,OK
2026-07-13,M015,C015,UK,Facility-15,1038.45,kWh,OK
2026-07-13,M016,C016,US,Facility-16,1150.24,kWh,OK
2026-07-13,M017,C017,DE,Facility-17,,kWh,MISSING
2026-07-13,M018,C018,CA,Facility-18,858.6,kWh,OK
2026-07-13,M019,C019,US,Facility-19,1876.46,kWh,OK
2026-07-13,M020,C020,SG,Facility-20,991.13,kWh,OK
2026-07-13,M021,C001,US,Facility-01,997.29,kWh,OK
2026-07-13,M022,C002,US,Facility-02,1301.88,kWh,OK
2026-07-13,M023,C003,DE,Facility-03,1835.23,kWh,OK
2026-07-13,M024,C004,UK,Facility-04,1258.79,kWh,OK
2026-07-13,M025,C005,US,Facility-05,1397.23,kWh,OK
2026-07-13,M026,C006,CA,Facility-06,1713.89,kWh,OK
2026-07-13,M027,C007,AU,Facility-07,1737.38,kWh,OK
2026-07-13,M028,C008,SG,Facility-08,925.34,kWh,OK
2026-07-13,M029,C009,IN,Facility-09,969.41,kWh,OK
2026-07-13,M030,C010,NL,Facility-10,1519.68,kWh,OK
2026-07-13,M031,C011,US,Facility-11,939.32,kWh,OK
2026-07-13,M032,C012,SE,Facility-12,2753.35,kWh,OK
2026-07-13,M033,C013,MX,Facility-13,1782.86,kWh,OK
2026-07-13,M034,C014,NL,Facility-14,1872.8,kWh,OK
2026-07-13,M035,C015,UK,Facility-15,937.36,kWh,OK
2026-07-13,M036,C016,US,Facility-16,1032.24,kWh,OK
2026-07-13,M037,C017,DE,Facility-17,2160.27,kWh,OK
2026-07-13,M038,C018,CA,Facility-18,976.77,kWh,OK
2026-07-13,M039,C019,US,Facility-19,2106.59,kWh,OK
2026-07-13,M040,C020,SG,Facility-20,1023.08,kWh,OK
2026-07-13,M041,C001,US,Facility-01,1026.02,kWh,OK
2026-07-13,M042,C002,US,Facility-02,1290.26,kWh,OK
2026-07-13,M043,C003,DE,Facility-03,2033.64,kWh,OK
2026-07-13,M044,C004,UK,Facility-04,1179.01,kWh,OK
2026-07-13,M045,C005,US,Facility-05,1611.73,kWh,OK
2026-07-13,M046,C006,CA,Facility-06,2034.54,kWh,OK
2026-07-13,M047,C007,AU,Facility-07,1770.1,kWh,OK
2026-07-13,M048,C008,SG,Facility-08,1050.11,kWh,OK
2026-07-13,M049,C009,IN,Facility-09,1034.8,kWh,OK
2026-07-13,M050,C010,NL,Facility-10,1510.11,kWh,OK
2026-07-13,M051,C011,US,Facility-11,945.08,kWh,OK
2026-07-13,M052,C012,SE,Facility-12,3238.22,kWh,OK
2026-07-13,M053,C013,MX,Facility-13,1737.98,kWh,OK
2026-07-13,M054,C014,NL,Facility-14,1716.05,kWh,OK
2026-07-13,M055,C015,UK,Facility-15,989.21,kWh,OK
2026-07-13,M056,C016,US,Facility-16,1075.57,kWh,OK
2026-07-13,M057,C017,DE,Facility-17,2167.2,kWh,OK
2026-07-13,M058,C018,CA,Facility-18,792.64,kWh,OK
2026-07-13,M059,C019,US,Facility-19,2318.86,kWh,OK
2026-07-13,M060,C020,SG,Facility-20,887.2,kWh,OK
2026-07-14,M001,C001,US,Facility-01,958.06,kWh,OK
2026-07-14,M002,C002,US,Facility-02,1341.8,kWh,OK
2026-07-14,M003,C003,DE,Facility-03,1792.64,kWh,OK
2026-07-14,M004,C004,UK,Facility-04,1242.35,kWh,OK
2026-07-14,M005,C005,US,Facility-05,1395.17,kWh,OK
2026-07-14,M006,C006,CA,Facility-06,1654.98,kWh,OK
2026-07-14,M007,C007,AU,Facility-07,1975.65,kWh,OK
2026-07-14,M008,C008,SG,Facility-08,954.09,kWh,OK
2026-07-14,M009,C009,IN,Facility-09,825.35,kWh,OK
2026-07-14,M010,C010,NL,Facility-10,1730.87,kWh,OK
2026-07-14,M011,C011,US,Facility-11,907.37,kWh,OK
2026-07-14,M012,C012,SE,Facility-12,2555.44,kWh,OK
2026-07-14,M013,C013,MX,Facility-13,1500.34,kWh,OK
2026-07-14,M014,C014,NL,Facility-14,1843.32,kWh,OK
2026-07-14,M015,C015,UK,Facility-15,1019.7,kWh,OK
2026-07-14,M016,C016,US,Facility-16,1115.23,kWh,OK
2026-07-14,M017,C017,DE,Facility-17,2182.89,kWh,OK
2026-07-14,M018,C018,CA,Facility-18,856.09,kWh,OK
2026-07-14,M019,C019,US,Facility-19,1877.22,kWh,OK
2026-07-14,M020,C020,SG,Facility-20,897.61,kWh,OK
2026-07-14,M021,C001,US,Facility-01,1014.45,kWh,OK
2026-07-14,M022,C002,US,Facility-02,1253.2,kWh,OK
2026-07-14,M023,C003,DE,Facility-03,1960.48,kWh,OK
2026-07-14,M024,C004,UK,Facility-04,1136.85,kWh,OK
2026-07-14,M025,C005,US,Facility-05,1507.86,kWh,OK
2026-07-14,M026,C006,CA,Facility-06,1578.32,kWh,OK
2026-07-14,M027,C007,AU,Facility-07,1978.09,kWh,OK
2026-07-14,M028,C008,SG,Facility-08,1087.82,kWh,OK
2026-07-14,M029,C009,IN,Facility-09,936.45,kWh,OK
2026-07-14,M030,C010,NL,Facility-10,1804.36,kWh,OK
2026-07-14,M031,C011,US,Facility-11,991.22,kWh,OK
2026-07-14,M032,C012,SE,Facility-12,3059.49,kWh,OK
2026-07-14,M033,C013,MX,Facility-13,1469.36,kWh,OK
2026-07-14,M034,C014,NL,Facility-14,2126.84,kWh,OK
2026-07-14,M035,C015,UK,Facility-15,868.28,kWh,OK
2026-07-14,M036,C016,US,Facility-16,1228.33,kWh,OK
2026-07-14,M037,C017,DE,Facility-17,2255.98,kWh,OK
2026-07-14,M038,C018,CA,Facility-18,891.5,kWh,OK
2026-07-14,M039,C019,US,Facility-19,2040.01,kWh,OK
2026-07-14,M040,C020,SG,Facility-20,911.17,kWh,OK
2026-07-14,M041,C001,US,Facility-01,996.41,kWh,OK
2026-07-14,M042,C002,US,Facility-02,1246.26,kWh,OK
2026-07-14,M043,C003,DE,Facility-03,1747.24,kWh,OK
2026-07-14,M044,C004,UK,Facility-04,1075.65,kWh,OK
2026-07-14,M045,C005,US,Facility-05,1607.34,kWh,OK
2026-07-14,M046,C006,CA,Facility-06,1972.84,kWh,OK
2026-07-14,M047,C007,AU,Facility-07,1582.97,kWh,OK
2026-07-14,M048,C008,SG,Facility-08,1150.39,kWh,OK
2026-07-14,M049,C009,IN,Facility-09,848.97,kWh,OK
2026-07-14,M050,C010,NL,Facility-10,1782.75,kWh,OK
2026-07-14,M051,C011,US,Facility-11,1026.26,kWh,OK
2026-07-14,M052,C012,SE,Facility-12,2708.26,kWh,OK
2026-07-14,M053,C013,MX,Facility-13,1687.97,kWh,OK
2026-07-14,M054,C014,NL,Facility-14,1971.33,kWh,OK
2026-07-14,M055,C015,UK,Facility-15,951.27,kWh,OK
2026-07-14,M056,C016,US,Facility-16,951.09,kWh,OK
2026-07-14,M057,C017,DE,Facility-17,2244.84,kWh,OK
2026-07-14,M058,C018,CA,Facility-18,870.22,kWh,OK
2026-07-14,M059,C019,US,Facility-19,1921.98,kWh,OK
2026-07-14,M060,C020,SG,Facility-20,919.12,kWh,OK
2026-07-15,M001,C001,US,Facility-01,1057.05,kWh,OK
2026-07-15,M002,C002,US,Facility-02,1308.65,kWh,OK
2026-07-15,M003,C003,DE,Facility-03,1695.01,kWh,OK
2026-07-15,M004,C004,UK,Facility-04,1029.62,kWh,OK
2026-07-15,M005,C005,US,Facility-05,1330.83,kWh,OK
2026-07-15,M006,C006,CA,Facility-06,1894.06,kWh,OK
2026-07-15,M007,C007,AU,Facility-07,1611.97,kWh,OK
2026-07-15,M008,C008,SG,Facility-08,1079.77,kWh,OK
2026-07-15,M009,C009,IN,Facility-09,1036.81,kWh,OK
2026-07-15,M010,C010,NL,Facility-10,1606.09,kWh,OK
2026-07-15,M011,C011,US,Facility-11,,kWh,MISSING
2026-07-15,M012,C012,SE,Facility-12,2862.52,kWh,OK
2026-07-15,M013,C013,MX,Facility-13,6235.71,kWh,ANOMALY
2026-07-15,M014,C014,NL,Facility-14,2210.17,kWh,OK
2026-07-15,M015,C015,UK,Facility-15,875.69,kWh,OK
2026-07-15,M016,C016,US,Facility-16,979.16,kWh,OK
2026-07-15,M017,C017,DE,Facility-17,1920.95,kWh,OK
2026-07-15,M018,C018,CA,Facility-18,817.89,kWh,OK
2026-07-15,M019,C019,US,Facility-19,7457.08,kWh,ANOMALY
2026-07-15,M020,C020,SG,Facility-20,1033.32,kWh,OK
2026-07-15,M021,C001,US,Facility-01,1012.71,kWh,OK
2026-07-15,M022,C002,US,Facility-02,1218.43,kWh,OK
2026-07-15,M023,C003,DE,Facility-03,1933.39,kWh,OK
2026-07-15,M024,C004,UK,Facility-04,1085.45,kWh,OK
2026-07-15,M025,C005,US,Facility-05,1363.68,kWh,OK
2026-07-15,M026,C006,CA,Facility-06,1856.4,kWh,OK
2026-07-15,M027,C007,AU,Facility-07,1925.35,kWh,OK
2026-07-15,M028,C008,SG,Facility-08,1043.19,kWh,OK
2026-07-15,M029,C009,IN,Facility-09,889.75,kWh,OK
2026-07-15,M030,C010,NL,Facility-10,1888.63,kWh,OK
2026-07-15,M031,C011,US,Facility-11,981.61,kWh,OK
2026-07-15,M032,C012,SE,Facility-12,3233.83,kWh,OK
2026-07-15,M033,C013,MX,Facility-13,1477.24,kWh,OK
2026-07-15,M034,C014,NL,Facility-14,1895.41,kWh,OK
2026-07-15,M035,C015,UK,Facility-15,1099.62,kWh,OK
2026-07-15,M036,C016,US,Facility-16,969.36,kWh,OK
2026-07-15,M037,C017,DE,Facility-17,1879.13,kWh,OK
2026-07-15,M038,C018,CA,Facility-18,933.08,kWh,OK
2026-07-15,M039,C019,US,Facility-19,2180.19,kWh,OK
2026-07-15,M040,C020,SG,Facility-20,1006.55,kWh,OK
2026-07-15,M041,C001,US,Facility-01,1039.28,kWh,OK
2026-07-15,M042,C002,US,Facility-02,1376.27,kWh,OK
2026-07-15,M043,C003,DE,Facility-03,2052.55,kWh,OK
2026-07-15,M044,C004,UK,Facility-04,1198.18,kWh,OK
2026-07-15,M045,C005,US,Facility-05,1353.32,kWh,OK
2026-07-15,M046,C006,CA,Facility-06,1784.68,kWh,OK
2026-07-15,M047,C007,AU,Facility-07,1877.04,kWh,OK
2026-07-15,M048,C008,SG,Facility-08,1094.02,kWh,OK
2026-07-15,M049,C009,IN,Facility-09,1048.7,kWh,OK
2026-07-15,M050,C010,NL,Facility-10,1786.83,kWh,OK
2026-07-15,M051,C011,US,Facility-11,1052.77,kWh,OK
2026-07-15,M052,C012,SE,Facility-12,3080.93,kWh,OK
2026-07-15,M053,C013,MX,Facility-13,1536.05,kWh,OK
2026-07-15,M054,C014,NL,Facility-14,2002.18,kWh,OK
2026-07-15,M055,C015,UK,Facility-15,949.0,kWh,OK
2026-07-15,M056,C016,US,Facility-16,1053.65,kWh,OK
2026-07-15,M057,C017,DE,Facility-17,2159.19,kWh,OK
2026-07-15,M058,C018,CA,Facility-18,905.23,kWh,OK
2026-07-15,M059,C019,US,Facility-19,1936.23,kWh,OK
2026-07-15,M060,C020,SG,Facility-20,889.32,kWh,OK
2026-07-16,M001,C001,US,Facility-01,1050.36,kWh,OK
2026-07-16,M002,C002,US,Facility-02,1335.2,kWh,OK
2026-07-16,M003,C003,DE,Facility-03,1996.98,kWh,OK
2026-07-16,M004,C004,UK,Facility-04,1102.56,kWh,OK
2026-07-16,M005,C005,US,Facility-05,1401.06,kWh,OK
2026-07-16,M006,C006,CA,Facility-06,2017.51,kWh,OK
2026-07-16,M007,C007,AU,Facility-07,1668.07,kWh,OK
2026-07-16,M008,C008,SG,Facility-08,2906.54,kWh,ANOMALY
2026-07-16,M009,C009,IN,Facility-09,891.77,kWh,OK
2026-07-16,M010,C010,NL,Facility-10,1730.65,kWh,OK
2026-07-16,M011,C011,US,Facility-11,904.75,kWh,OK
2026-07-16,M012,C012,SE,Facility-12,8443.82,kWh,ANOMALY
2026-07-16,M013,C013,MX,Facility-13,1567.32,kWh,OK
2026-07-16,M014,C014,NL,Facility-14,7852.07,kWh,ANOMALY
2026-07-16,M015,C015,UK,Facility-15,1042.03,kWh,OK
2026-07-16,M016,C016,US,Facility-16,1017.28,kWh,OK
2026-07-16,M017,C017,DE,Facility-17,2389.95,kWh,OK
2026-07-16,M018,C018,CA,Facility-18,1001.13,kWh,OK
2026-07-16,M019,C019,US,Facility-19,2179.68,kWh,OK
2026-07-16,M020,C020,SG,Facility-20,872.92,kWh,OK
2026-07-16,M021,C001,US,Facility-01,1121.61,kWh,OK
2026-07-16,M022,C002,US,Facility-02,1340.68,kWh,OK
2026-07-16,M023,C003,DE,Facility-03,1773.54,kWh,OK
2026-07-16,M024,C004,UK,Facility-04,1198.79,kWh,OK
2026-07-16,M025,C005,US,Facility-05,1437.47,kWh,OK
2026-07-16,M026,C006,CA,Facility-06,1936.54,kWh,OK
2026-07-16,M027,C007,AU,Facility-07,1614.42,kWh,OK
2026-07-16,M028,C008,SG,Facility-08,1048.05,kWh,OK
2026-07-16,M029,C009,IN,Facility-09,892.83,kWh,OK
2026-07-16,M030,C010,NL,Facility-10,1541.72,kWh,OK
2026-07-16,M031,C011,US,Facility-11,1031.48,kWh,OK
2026-07-16,M032,C012,SE,Facility-12,2752.05,kWh,OK
2026-07-16,M033,C013,MX,Facility-13,1571.24,kWh,OK
2026-07-16,M034,C014,NL,Facility-14,1842.22,kWh,OK
2026-07-16,M035,C015,UK,Facility-15,960.22,kWh,OK
2026-07-16,M036,C016,US,Facility-16,1020.56,kWh,OK
2026-07-16,M037,C017,DE,Facility-17,7487.12,kWh,ANOMALY
2026-07-16,M038,C018,CA,Facility-18,817.32,kWh,OK
2026-07-16,M039,C019,US,Facility-19,2142.04,kWh,OK
2026-07-16,M040,C020,SG,Facility-20,916.68,kWh,OK
2026-07-16,M041,C001,US,Facility-01,920.08,kWh,OK
2026-07-16,M042,C002,US,Facility-02,1233.21,kWh,OK
2026-07-16,M043,C003,DE,Facility-03,1807.86,kWh,OK
2026-07-16,M044,C004,UK,Facility-04,1042.46,kWh,OK
2026-07-16,M045,C005,US,Facility-05,1485.84,kWh,OK
2026-07-16,M046,C006,CA,Facility-06,1654.22,kWh,OK
2026-07-16,M047,C007,AU,Facility-07,1666.95,kWh,OK
2026-07-16,M048,C008,SG,Facility-08,1070.3,kWh,OK
2026-07-16,M049,C009,IN,Facility-09,917.9,kWh,OK
2026-07-16,M050,C010,NL,Facility-10,1594.89,kWh,OK
2026-07-16,M051,C011,US,Facility-11,1078.93,kWh,OK
2026-07-16,M052,C012,SE,Facility-12,3103.71,kWh,OK
2026-07-16,M053,C013,MX,Facility-13,1750.26,kWh,OK
2026-07-16,M054,C014,NL,Facility-14,1955.7,kWh,OK
2026-07-16,M055,C015,UK,Facility-15,956.16,kWh,OK
2026-07-16,M056,C016,US,Facility-16,1011.9,kWh,OK
2026-07-16,M057,C017,DE,Facility-17,1878.11,kWh,OK
2026-07-16,M058,C018,CA,Facility-18,965.22,kWh,OK
2026-07-16,M059,C019,US,Facility-19,1859.18,kWh,OK
2026-07-16,M060,C020,SG,Facility-20,1056.93,kWh,OK
2026-07-17,M001,C001,US,Facility-01,1168.68,kWh,OK
2026-07-17,M002,C002,US,Facility-02,1467.88,kWh,OK
2026-07-17,M003,C003,DE,Facility-03,2057.76,kWh,OK
2026-07-17,M004,C004,UK,Facility-04,1229.74,kWh,OK
2026-07-17,M005,C005,US,Facility-05,1341.65,kWh,OK
2026-07-17,M006,C006,CA,Facility-06,1835.94,kWh,OK
2026-07-17,M007,C007,AU,Facility-07,1989.09,kWh,OK
2026-07-17,M008,C008,SG,Facility-08,987.4,kWh,OK
2026-07-17,M009,C009,IN,Facility-09,874.54,kWh,OK
2026-07-17,M010,C010,NL,Facility-10,1473.42,kWh,OK
2026-07-17,M011,C011,US,Facility-11,888.34,kWh,OK
2026-07-17,M012,C012,SE,Facility-12,3134.93,kWh,OK
2026-07-17,M013,C013,MX,Facility-13,1668.22,kWh,OK
2026-07-17,M014,C014,NL,Facility-14,2138.57,kWh,OK
2026-07-17,M015,C015,UK,Facility-15,952.41,kWh,OK
2026-07-17,M016,C016,US,Facility-16,978.77,kWh,OK
2026-07-17,M017,C017,DE,Facility-17,1932.06,kWh,OK
2026-07-17,M018,C018,CA,Facility-18,1010.29,kWh,OK
2026-07-17,M019,C019,US,Facility-19,2322.6,kWh,OK
2026-07-17,M020,C020,SG,Facility-20,1049.56,kWh,OK
2026-07-17,M021,C001,US,Facility-01,949.66,kWh,OK
2026-07-17,M022,C002,US,Facility-02,1232.7,kWh,OK
2026-07-17,M023,C003,DE,Facility-03,2108.1,kWh,OK
2026-07-17,M024,C004,UK,Facility-04,1276.39,kWh,OK
2026-07-17,M025,C005,US,Facility-05,1692.64,kWh,OK
2026-07-17,M026,C006,CA,Facility-06,1836.85,kWh,OK
2026-07-17,M027,C007,AU,Facility-07,1878.7,kWh,OK
2026-07-17,M028,C008,SG,Facility-08,949.66,kWh,OK
2026-07-17,M029,C009,IN,Facility-09,989.7,kWh,OK
2026-07-17,M030,C010,NL,Facility-10,1667.51,kWh,OK
2026-07-17,M031,C011,US,Facility-11,872.49,kWh,OK
2026-07-17,M032,C012,SE,Facility-12,2510.01,kWh,OK
2026-07-17,M033,C013,MX,Facility-13,1828.9,kWh,OK
2026-07-17,M034,C014,NL,Facility-14,1902.14,kWh,OK
2026-07-17,M035,C015,UK,Facility-15,979.25,kWh,OK
2026-07-17,M036,C016,US,Facility-16,1143.35,kWh,OK
2026-07-17,M037,C017,DE,Facility-17,2307.48,kWh,OK
2026-07-17,M038,C018,CA,Facility-18,1008.19,kWh,OK
2026-07-17,M039,C019,US,Facility-19,2006.07,kWh,OK
2026-07-17,M040,C020,SG,Facility-20,1077.52,kWh,OK
2026-07-17,M041,C001,US,Facility-01,1066.58,kWh,OK
2026-07-17,M042,C002,US,Facility-02,1518.8,kWh,OK
2026-07-17,M043,C003,DE,Facility-03,1723.0,kWh,OK
2026-07-17,M044,C004,UK,Facility-04,1048.92,kWh,OK
2026-07-17,M045,C005,US,Facility-05,1617.53,kWh,OK
2026-07-17,M046,C006,CA,Facility-06,1684.32,kWh,OK
2026-07-17,M047,C007,AU,Facility-07,1921.69,kWh,OK
2026-07-17,M048,C008,SG,Facility-08,1019.09,kWh,OK
2026-07-17,M049,C009,IN,Facility-09,963.41,kWh,OK
2026-07-17,M050,C010,NL,Facility-10,1547.47,kWh,OK
2026-07-17,M051,C011,US,Facility-11,1068.6,kWh,OK
2026-07-17,M052,C012,SE,Facility-12,2871.63,kWh,OK
2026-07-17,M053,C013,MX,Facility-13,1650.37,kWh,OK
2026-07-17,M054,C014,NL,Facility-14,1897.43,kWh,OK
2026-07-17,M055,C015,UK,Facility-15,975.59,kWh,OK
2026-07-17,M056,C016,US,Facility-16,967.71,kWh,OK
2026-07-17,M057,C017,DE,Facility-17,1892.9,kWh,OK
2026-07-17,M058,C018,CA,Facility-18,1012.62,kWh,OK
2026-07-17,M059,C019,US,Facility-19,2254.34,kWh,OK
2026-07-17,M060,C020,SG,Facility-20,986.29,kWh,OK
2026-07-18,M001,C001,US,Facility-01,969.47,kWh,OK
2026-07-18,M002,C002,US,Facility-02,1281.93,kWh,OK
2026-07-18,M003,C003,DE,Facility-03,1775.79,kWh,OK
2026-07-18,M004,C004,UK,Facility-04,1001.08,kWh,OK
2026-07-18,M005,C005,US,Facility-05,1191.33,kWh,OK
2026-07-18,M006,C006,CA,Facility-06,1660.94,kWh,OK
2026-07-18,M007,C007,AU,Facility-07,1694.51,kWh,OK
2026-07-18,M008,C008,SG,Facility-08,913.57,kWh,OK
2026-07-18,M009,C009,IN,Facility-09,884.65,kWh,OK
2026-07-18,M010,C010,NL,Facility-10,1398.77,kWh,OK
2026-07-18,M011,C011,US,Facility-11,788.1,kWh,OK
2026-07-18,M012,C012,SE,Facility-12,2634.04,kWh,OK
2026-07-18,M013,C013,MX,Facility-13,1361.31,kWh,OK
2026-07-18,M014,C014,NL,Facility-14,1710.42,kWh,OK
2026-07-18,M015,C015,UK,Facility-15,930.34,kWh,OK
2026-07-18,M016,C016,US,Facility-16,878.03,kWh,OK
2026-07-18,M017,C017,DE,Facility-17,1763.57,kWh,OK
2026-07-18,M018,C018,CA,Facility-18,790.96,kWh,OK
2026-07-18,M019,C019,US,Facility-19,1603.62,kWh,OK
2026-07-18,M020,C020,SG,Facility-20,733.71,kWh,OK
2026-07-18,M021,C001,US,Facility-01,823.11,kWh,OK
2026-07-18,M022,C002,US,Facility-02,1280.21,kWh,OK
2026-07-18,M023,C003,DE,Facility-03,1528.22,kWh,OK
2026-07-18,M024,C004,UK,Facility-04,1020.05,kWh,OK
2026-07-18,M025,C005,US,Facility-05,1178.44,kWh,OK
2026-07-18,M026,C006,CA,Facility-06,1667.82,kWh,OK
2026-07-18,M027,C007,AU,Facility-07,1561.71,kWh,OK
2026-07-18,M028,C008,SG,Facility-08,958.37,kWh,OK
2026-07-18,M029,C009,IN,Facility-09,875.66,kWh,OK
2026-07-18,M030,C010,NL,Facility-10,1313.82,kWh,OK
2026-07-18,M031,C011,US,Facility-11,757.84,kWh,OK
2026-07-18,M032,C012,SE,Facility-12,2155.62,kWh,OK
2026-07-18,M033,C013,MX,Facility-13,1510.67,kWh,OK
2026-07-18,M034,C014,NL,Facility-14,1852.55,kWh,OK
2026-07-18,M035,C015,UK,Facility-15,908.44,kWh,OK
2026-07-18,M036,C016,US,Facility-16,839.23,kWh,OK
2026-07-18,M037,C017,DE,Facility-17,1848.67,kWh,OK
2026-07-18,M038,C018,CA,Facility-18,786.58,kWh,OK
2026-07-18,M039,C019,US,Facility-19,1944.77,kWh,OK
2026-07-18,M040,C020,SG,Facility-20,786.5,kWh,OK
2026-07-18,M041,C001,US,Facility-01,899.16,kWh,OK
2026-07-18,M042,C002,US,Facility-02,1205.57,kWh,OK
2026-07-18,M043,C003,DE,Facility-03,1572.34,kWh,OK
2026-07-18,M044,C004,UK,Facility-04,4193.86,kWh,ANOMALY
2026-07-18,M045,C005,US,Facility-05,3809.78,kWh,ANOMALY
2026-07-18,M046,C006,CA,Facility-06,1461.69,kWh,OK
2026-07-18,M047,C007,AU,Facility-07,1475.78,kWh,OK
2026-07-18,M048,C008,SG,Facility-08,828.12,kWh,OK
2026-07-18,M049,C009,IN,Facility-09,866.83,kWh,OK
2026-07-18,M050,C010,NL,Facility-10,1444.53,kWh,OK
2026-07-18,M051,C011,US,Facility-11,809.2,kWh,OK
2026-07-18,M052,C012,SE,Facility-12,2325.83,kWh,OK
2026-07-18,M053,C013,MX,Facility-13,1564.84,kWh,OK
2026-07-18,M054,C014,NL,Facility-14,1569.72,kWh,OK
2026-07-18,M055,C015,UK,Facility-15,795.17,kWh,OK
2026-07-18,M056,C016,US,Facility-16,1024.81,kWh,OK
2026-07-18,M057,C017,DE,Facility-17,1851.45,kWh,OK
2026-07-18,M058,C018,CA,Facility-18,813.2,kWh,OK
2026-07-18,M059,C019,US,Facility-19,1656.14,kWh,OK
2026-07-18,M060,C020,SG,Facility-20,732.97,kWh,OK
2026-07-19,M001,C001,US,Facility-01,812.28,kWh,OK
2026-07-19,M002,C002,US,Facility-02,1171.86,kWh,OK
2026-07-19,M003,C003,DE,Facility-03,1681.06,kWh,OK
2026-07-19,M004,C004,UK,Facility-04,1056.16,kWh,OK
2026-07-19,M005,C005,US,Facility-05,1166.13,kWh,OK
2026-07-19,M006,C006,CA,Facility-06,1660.89,kWh,OK
2026-07-19,M007,C007,AU,Facility-07,1574.94,kWh,OK
2026-07-19,M008,C008,SG,Facility-08,851.64,kWh,OK
2026-07-19,M009,C009,IN,Facility-09,859.37,kWh,OK
2026-07-19,M010,C010,NL,Facility-10,1363.9,kWh,OK
2026-07-19,M011,C011,US,Facility-11,915.16,kWh,OK
2026-07-19,M012,C012,SE,Facility-12,2182.32,kWh,OK
2026-07-19,M013,C013,MX,Facility-13,1521.59,kWh,OK
2026-07-19,M014,C014,NL,Facility-14,1480.56,kWh,OK
2026-07-19,M015,C015,UK,Facility-15,773.9,kWh,OK
2026-07-19,M016,C016,US,Facility-16,1026.46,kWh,OK
2026-07-19,M017,C017,DE,Facility-17,1905.18,kWh,OK
2026-07-19,M018,C018,CA,Facility-18,795.33,kWh,OK
2026-07-19,M019,C019,US,Facility-19,1540.38,kWh,OK
2026-07-19,M020,C020,SG,Facility-20,761.54,kWh,OK
2026-07-19,M021,C001,US,Facility-01,942.63,kWh,OK
2026-07-19,M022,C002,US,Facility-02,1201.41,kWh,OK
2026-07-19,M023,C003,DE,Facility-03,1561.48,kWh,OK
2026-07-19,M024,C004,UK,Facility-04,2799.08,kWh,ANOMALY
2026-07-19,M025,C005,US,Facility-05,1197.26,kWh,OK
2026-07-19,M026,C006,CA,Facility-06,1439.26,kWh,OK
2026-07-19,M027,C007,AU,Facility-07,1361.51,kWh,OK
2026-07-19,M028,C008,SG,Facility-08,808.77,kWh,OK
2026-07-19,M029,C009,IN,Facility-09,756.96,kWh,OK
2026-07-19,M030,C010,NL,Facility-10,1380.14,kWh,OK
2026-07-19,M031,C011,US,Facility-11,802.42,kWh,OK
2026-07-19,M032,C012,SE,Facility-12,2256.33,kWh,OK
2026-07-19,M033,C013,MX,Facility-13,1355.51,kWh,OK
2026-07-19,M034,C014,NL,Facility-14,1513.77,kWh,OK
2026-07-19,M035,C015,UK,Facility-15,767.14,kWh,OK
2026-07-19,M036,C016,US,Facility-16,818.54,kWh,OK
2026-07-19,M037,C017,DE,Facility-17,1821.11,kWh,OK
2026-07-19,M038,C018,CA,Facility-18,801.46,kWh,OK
2026-07-19,M039,C019,US,Facility-19,1851.72,kWh,OK
2026-07-19,M040,C020,SG,Facility-20,842.7,kWh,OK
2026-07-19,M041,C001,US,Facility-01,927.1,kWh,OK
2026-07-19,M042,C002,US,Facility-02,1209.84,kWh,OK
2026-07-19,M043,C003,DE,Facility-03,1653.62,kWh,OK
2026-07-19,M044,C004,UK,Facility-04,872.26,kWh,OK
2026-07-19,M045,C005,US,Facility-05,1171.62,kWh,OK
2026-07-19,M046,C006,CA,Facility-06,1419.82,kWh,OK
2026-07-19,M047,C007,AU,Facility-07,1389.7,kWh,OK
2026-07-19,M048,C008,SG,Facility-08,779.71,kWh,OK
2026-07-19,M049,C009,IN,Facility-09,,kWh,MISSING
2026-07-19,M050,C010,NL,Facility-10,1503.89,kWh,OK
2026-07-19,M051,C011,US,Facility-11,872.67,kWh,OK
2026-07-19,M052,C012,SE,Facility-12,2460.48,kWh,OK
2026-07-19,M053,C013,MX,Facility-13,1302.73,kWh,OK
2026-07-19,M054,C014,NL,Facility-14,1584.74,kWh,OK
2026-07-19,M055,C015,UK,Facility-15,768.38,kWh,OK
2026-07-19,M056,C016,US,Facility-16,1001.34,kWh,OK
2026-07-19,M057,C017,DE,Facility-17,1616.79,kWh,OK
2026-07-19,M058,C018,CA,Facility-18,839.09,kWh,OK
2026-07-19,M059,C019,US,Facility-19,1700.73,kWh,OK
2026-07-19,M060,C020,SG,Facility-20,913.68,kWh,OK
2026-07-20,M001,C001,US,Facility-01,951.66,kWh,OK
2026-07-20,M002,C002,US,Facility-02,1283.41,kWh,OK
2026-07-20,M003,C003,DE,Facility-03,2035.71,kWh,OK
2026-07-20,M004,C004,UK,Facility-04,1026.34,kWh,OK
2026-07-20,M005,C005,US,Facility-05,1701.06,kWh,OK
2026-07-20,M006,C006,CA,Facility-06,1848.56,kWh,OK
2026-07-20,M007,C007,AU,Facility-07,1622.1,kWh,OK
2026-07-20,M008,C008,SG,Facility-08,912.48,kWh,OK
2026-07-20,M009,C009,IN,Facility-09,1053.64,kWh,OK
2026-07-20,M010,C010,NL,Facility-10,1522.27,kWh,OK
2026-07-20,M011,C011,US,Facility-11,921.47,kWh,OK
2026-07-20,M012,C012,SE,Facility-12,3011.61,kWh,OK
2026-07-20,M013,C013,MX,Facility-13,1659.15,kWh,OK
2026-07-20,M014,C014,NL,Facility-14,1881.71,kWh,OK
2026-07-20,M015,C015,UK,Facility-15,881.87,kWh,OK
2026-07-20,M016,C016,US,Facility-16,1047.49,kWh,OK
2026-07-20,M017,C017,DE,Facility-17,2303.81,kWh,OK
2026-07-20,M018,C018,CA,Facility-18,799.62,kWh,OK
2026-07-20,M019,C019,US,Facility-19,2258.64,kWh,OK
2026-07-20,M020,C020,SG,Facility-20,870.39,kWh,OK
2026-07-20,M021,C001,US,Facility-01,1161.68,kWh,OK
2026-07-20,M022,C002,US,Facility-02,1413.8,kWh,OK
2026-07-20,M023,C003,DE,Facility-03,1869.91,kWh,OK
2026-07-20,M024,C004,UK,Facility-04,1244.52,kWh,OK
2026-07-20,M025,C005,US,Facility-05,1526.09,kWh,OK
2026-07-20,M026,C006,CA,Facility-06,,kWh,MISSING
2026-07-20,M027,C007,AU,Facility-07,1581.0,kWh,OK
2026-07-20,M028,C008,SG,Facility-08,986.21,kWh,OK
2026-07-20,M029,C009,IN,Facility-09,980.64,kWh,OK
2026-07-20,M030,C010,NL,Facility-10,1496.74,kWh,OK
2026-07-20,M031,C011,US,Facility-11,996.92,kWh,OK
2026-07-20,M032,C012,SE,Facility-12,2996.22,kWh,OK
2026-07-20,M033,C013,MX,Facility-13,1740.77,kWh,OK
2026-07-20,M034,C014,NL,Facility-14,2130.18,kWh,OK
2026-07-20,M035,C015,UK,Facility-15,990.02,kWh,OK
2026-07-20,M036,C016,US,Facility-16,996.49,kWh,OK
2026-07-20,M037,C017,DE,Facility-17,2239.73,kWh,OK
2026-07-20,M038,C018,CA,Facility-18,830.54,kWh,OK
2026-07-20,M039,C019,US,Facility-19,2049.6,kWh,OK
2026-07-20,M040,C020,SG,Facility-20,878.67,kWh,OK
2026-07-20,M041,C001,US,Facility-01,1126.28,kWh,OK
2026-07-20,M042,C002,US,Facility-02,1346.13,kWh,OK
2026-07-20,M043,C003,DE,Facility-03,1712.07,kWh,OK
2026-07-20,M044,C004,UK,Facility-04,1007.42,kWh,OK
2026-07-20,M045,C005,US,Facility-05,1520.41,kWh,OK
2026-07-20,M046,C006,CA,Facility-06,1656.26,kWh,OK
2026-07-20,M047,C007,AU,Facility-07,1598.05,kWh,OK
2026-07-20,M048,C008,SG,Facility-08,1140.74,kWh,OK
2026-07-20,M049,C009,IN,Facility-09,1055.11,kWh,OK
2026-07-20,M050,C010,NL,Facility-10,1592.2,kWh,OK
2026-07-20,M051,C011,US,Facility-11,969.8,kWh,OK
2026-07-20,M052,C012,SE,Facility-12,3027.98,kWh,OK
2026-07-20,M053,C013,MX,Facility-13,1716.48,kWh,OK
2026-07-20,M054,C014,NL,Facility-14,2183.57,kWh,OK
2026-07-20,M055,C015,UK,Facility-15,1015.91,kWh,OK
2026-07-20,M056,C016,US,Facility-16,1139.2,kWh,OK
2026-07-20,M057,C017,DE,Facility-17,2368.87,kWh,OK
2026-07-20,M058,C018,CA,Facility-18,861.89,kWh,OK
2026-07-20,M059,C019,US,Facility-19,2062.05,kWh,OK
2026-07-20,M060,C020,SG,Facility-20,956.59,kWh,OK
2026-07-21,M001,C001,US,Facility-01,979.15,kWh,OK
2026-07-21,M002,C002,US,Facility-02,1371.48,kWh,OK
2026-07-21,M003,C003,DE,Facility-03,1972.64,kWh,OK
2026-07-21,M004,C004,UK,Facility-04,1040.39,kWh,OK
2026-07-21,M005,C005,US,Facility-05,1660.54,kWh,OK
2026-07-21,M006,C006,CA,Facility-06,1924.29,kWh,OK
2026-07-21,M007,C007,AU,Facility-07,1586.27,kWh,OK
2026-07-21,M008,C008,SG,Facility-08,1135.97,kWh,OK
2026-07-21,M009,C009,IN,Facility-09,875.74,kWh,OK
2026-07-21,M010,C010,NL,Facility-10,1598.31,kWh,OK
2026-07-21,M011,C011,US,Facility-11,953.3,kWh,OK
2026-07-21,M012,C012,SE,Facility-12,2740.83,kWh,OK
2026-07-21,M013,C013,MX,Facility-13,1527.38,kWh,OK
2026-07-21,M014,C014,NL,Facility-14,2150.51,kWh,OK
2026-07-21,M015,C015,UK,Facility-15,1036.3,kWh,OK
2026-07-21,M016,C016,US,Facility-16,1103.89,kWh,OK
2026-07-21,M017,C017,DE,Facility-17,2372.13,kWh,OK
2026-07-21,M018,C018,CA,Facility-18,945.65,kWh,OK
2026-07-21,M019,C019,US,Facility-19,2079.91,kWh,OK
2026-07-21,M020,C020,SG,Facility-20,991.6,kWh,OK
2026-07-21,M021,C001,US,Facility-01,970.91,kWh,OK
2026-07-21,M022,C002,US,Facility-02,1242.34,kWh,OK
2026-07-21,M023,C003,DE,Facility-03,1671.31,kWh,OK
2026-07-21,M024,C004,UK,Facility-04,1187.39,kWh,OK
2026-07-21,M025,C005,US,Facility-05,1471.33,kWh,OK
2026-07-21,M026,C006,CA,Facility-06,1676.15,kWh,OK
2026-07-21,M027,C007,AU,Facility-07,1769.43,kWh,OK
2026-07-21,M028,C008,SG,Facility-08,929.36,kWh,OK
2026-07-21,M029,C009,IN,Facility-09,898.53,kWh,OK
2026-07-21,M030,C010,NL,Facility-10,1800.71,kWh,OK
2026-07-21,M031,C011,US,Facility-11,,kWh,MISSING
2026-07-21,M032,C012,SE,Facility-12,3004.95,kWh,OK
2026-07-21,M033,C013,MX,Facility-13,1679.6,kWh,OK
2026-07-21,M034,C014,NL,Facility-14,2055.71,kWh,OK
2026-07-21,M035,C015,UK,Facility-15,1097.22,kWh,OK
2026-07-21,M036,C016,US,Facility-16,1029.82,kWh,OK
2026-07-21,M037,C017,DE,Facility-17,2050.67,kWh,OK
2026-07-21,M038,C018,CA,Facility-18,797.13,kWh,OK
2026-07-21,M039,C019,US,Facility-19,2079.93,kWh,OK
2026-07-21,M040,C020,SG,Facility-20,,kWh,MISSING
2026-07-21,M041,C001,US,Facility-01,920.35,kWh,OK
2026-07-21,M042,C002,US,Facility-02,1491.6,kWh,OK
2026-07-21,M043,C003,DE,Facility-03,1908.18,kWh,OK
2026-07-21,M044,C004,UK,Facility-04,1220.64,kWh,OK
2026-07-21,M045,C005,US,Facility-05,1624.18,kWh,OK
2026-07-21,M046,C006,CA,Facility-06,1728.11,kWh,OK
2026-07-21,M047,C007,AU,Facility-07,1900.93,kWh,OK
2026-07-21,M048,C008,SG,Facility-08,965.64,kWh,OK
2026-07-21,M049,C009,IN,Facility-09,970.66,kWh,OK
2026-07-21,M050,C010,NL,Facility-10,1766.17,kWh,OK
2026-07-21,M051,C011,US,Facility-11,1011.63,kWh,OK
2026-07-21,M052,C012,SE,Facility-12,3028.63,kWh,OK
2026-07-21,M053,C013,MX,Facility-13,1466.38,kWh,OK
2026-07-21,M054,C014,NL,Facility-14,1754.44,kWh,OK
2026-07-21,M055,C015,UK,Facility-15,957.87,kWh,OK
2026-07-21,M056,C016,US,Facility-16,1100.2,kWh,OK
2026-07-21,M057,C017,DE,Facility-17,2281.14,kWh,OK
2026-07-21,M058,C018,CA,Facility-18,820.43,kWh,OK
2026-07-21,M059,C019,US,Facility-19,2229.92,kWh,OK
2026-07-21,M060,C020,SG,Facility-20,1090.44,kWh,OK
2026-07-22,M001,C001,US,Facility-01,3250.79,kWh,ANOMALY
2026-07-22,M002,C002,US,Facility-02,1520.39,kWh,OK
2026-07-22,M003,C003,DE,Facility-03,2086.13,kWh,OK
2026-07-22,M004,C004,UK,Facility-04,1182.71,kWh,OK
2026-07-22,M005,C005,US,Facility-05,1417.36,kWh,OK
2026-07-22,M006,C006,CA,Facility-06,1658.19,kWh,OK
2026-07-22,M007,C007,AU,Facility-07,1926.94,kWh,OK
2026-07-22,M008,C008,SG,Facility-08,1028.09,kWh,OK
2026-07-22,M009,C009,IN,Facility-09,834.58,kWh,OK
2026-07-22,M010,C010,NL,Facility-10,1685.16,kWh,OK
2026-07-22,M011,C011,US,Facility-11,1021.01,kWh,OK
2026-07-22,M012,C012,SE,Facility-12,3176.32,kWh,OK
2026-07-22,M013,C013,MX,Facility-13,1680.71,kWh,OK
2026-07-22,M014,C014,NL,Facility-14,1996.57,kWh,OK
2026-07-22,M015,C015,UK,Facility-15,2747.24,kWh,ANOMALY
2026-07-22,M016,C016,US,Facility-16,1158.14,kWh,OK
2026-07-22,M017,C017,DE,Facility-17,1919.41,kWh,OK
2026-07-22,M018,C018,CA,Facility-18,894.54,kWh,OK
2026-07-22,M019,C019,US,Facility-19,2100.09,kWh,OK
2026-07-22,M020,C020,SG,Facility-20,1063.35,kWh,OK
2026-07-22,M021,C001,US,Facility-01,1046.56,kWh,OK
2026-07-22,M022,C002,US,Facility-02,1214.84,kWh,OK
2026-07-22,M023,C003,DE,Facility-03,1893.3,kWh,OK
2026-07-22,M024,C004,UK,Facility-04,1112.05,kWh,OK
2026-07-22,M025,C005,US,Facility-05,1547.4,kWh,OK
2026-07-22,M026,C006,CA,Facility-06,1793.39,kWh,OK
2026-07-22,M027,C007,AU,Facility-07,1641.23,kWh,OK
2026-07-22,M028,C008,SG,Facility-08,982.57,kWh,OK
2026-07-22,M029,C009,IN,Facility-09,914.22,kWh,OK
2026-07-22,M030,C010,NL,Facility-10,1842.2,kWh,OK
2026-07-22,M031,C011,US,Facility-11,897.27,kWh,OK
2026-07-22,M032,C012,SE,Facility-12,2641.86,kWh,OK
2026-07-22,M033,C013,MX,Facility-13,1828.32,kWh,OK
2026-07-22,M034,C014,NL,Facility-14,1892.07,kWh,OK
2026-07-22,M035,C015,UK,Facility-15,873.67,kWh,OK
2026-07-22,M036,C016,US,Facility-16,1008.46,kWh,OK
2026-07-22,M037,C017,DE,Facility-17,2102.34,kWh,OK
2026-07-22,M038,C018,CA,Facility-18,1014.92,kWh,OK
2026-07-22,M039,C019,US,Facility-19,2083.92,kWh,OK
2026-07-22,M040,C020,SG,Facility-20,917.81,kWh,OK
2026-07-22,M041,C001,US,Facility-01,1077.25,kWh,OK
2026-07-22,M042,C002,US,Facility-02,1481.25,kWh,OK
2026-07-22,M043,C003,DE,Facility-03,2087.93,kWh,OK
2026-07-22,M044,C004,UK,Facility-04,1247.79,kWh,OK
2026-07-22,M045,C005,US,Facility-05,1568.09,kWh,OK
2026-07-22,M046,C006,CA,Facility-06,1650.87,kWh,OK
2026-07-22,M047,C007,AU,Facility-07,1635.87,kWh,OK
2026-07-22,M048,C008,SG,Facility-08,1096.53,kWh,OK
2026-07-22,M049,C009,IN,Facility-09,1014.41,kWh,OK
2026-07-22,M050,C010,NL,Facility-10,1681.52,kWh,OK
2026-07-22,M051,C011,US,Facility-11,1065.97,kWh,OK
2026-07-22,M052,C012,SE,Facility-12,2934.19,kWh,OK
2026-07-22,M053,C013,MX,Facility-13,1438.26,kWh,OK
2026-07-22,M054,C014,NL,Facility-14,1841.25,kWh,OK
2026-07-22,M055,C015,UK,Facility-15,1009.63,kWh,OK
2026-07-22,M056,C016,US,Facility-16,1152.45,kWh,OK
2026-07-22,M057,C017,DE,Facility-17,1892.92,kWh,OK
2026-07-22,M058,C018,CA,Facility-18,988.58,kWh,OK
2026-07-22,M059,C019,US,Facility-19,2126.32,kWh,OK
2026-07-22,M060,C020,SG,Facility-20,897.32,kWh,OK
2026-07-23,M001,C001,US,Facility-01,1096.06,kWh,OK
2026-07-23,M002,C002,US,Facility-02,1395.3,kWh,OK
2026-07-23,M003,C003,DE,Facility-03,1699.39,kWh,OK
2026-07-23,M004,C004,UK,Facility-04,1141.17,kWh,OK
2026-07-23,M005,C005,US,Facility-05,1368.42,kWh,OK
2026-07-23,M006,C006,CA,Facility-06,1592.01,kWh,OK
2026-07-23,M007,C007,AU,Facility-07,1593.11,kWh,OK
2026-07-23,M008,C008,SG,Facility-08,1066.1,kWh,OK
2026-07-23,M009,C009,IN,Facility-09,1005.63,kWh,OK
2026-07-23,M010,C010,NL,Facility-10,1634.32,kWh,OK
2026-07-23,M011,C011,US,Facility-11,913.36,kWh,OK
2026-07-23,M012,C012,SE,Facility-12,2791.67,kWh,OK
2026-07-23,M013,C013,MX,Facility-13,1741.7,kWh,OK
2026-07-23,M014,C014,NL,Facility-14,1778.39,kWh,OK
2026-07-23,M015,C015,UK,Facility-15,1075.44,kWh,OK
2026-07-23,M016,C016,US,Facility-16,1065.15,kWh,OK
2026-07-23,M017,C017,DE,Facility-17,2276.75,kWh,OK
2026-07-23,M018,C018,CA,Facility-18,788.6,kWh,OK
2026-07-23,M019,C019,US,Facility-19,1974.3,kWh,OK
2026-07-23,M020,C020,SG,Facility-20,1015.49,kWh,OK
2026-07-23,M021,C001,US,Facility-01,1015.87,kWh,OK
2026-07-23,M022,C002,US,Facility-02,1426.89,kWh,OK
2026-07-23,M023,C003,DE,Facility-03,2027.87,kWh,OK
2026-07-23,M024,C004,UK,Facility-04,1156.0,kWh,OK
2026-07-23,M025,C005,US,Facility-05,1465.93,kWh,OK
2026-07-23,M026,C006,CA,Facility-06,1971.44,kWh,OK
2026-07-23,M027,C007,AU,Facility-07,1742.8,kWh,OK
2026-07-23,M028,C008,SG,Facility-08,962.11,kWh,OK
2026-07-23,M029,C009,IN,Facility-09,951.41,kWh,OK
2026-07-23,M030,C010,NL,Facility-10,,kWh,MISSING
2026-07-23,M031,C011,US,Facility-11,878.38,kWh,OK
2026-07-23,M032,C012,SE,Facility-12,2831.81,kWh,OK
2026-07-23,M033,C013,MX,Facility-13,1455.42,kWh,OK
2026-07-23,M034,C014,NL,Facility-14,2208.3,kWh,OK
2026-07-23,M035,C015,UK,Facility-15,1038.07,kWh,OK
2026-07-23,M036,C016,US,Facility-16,1180.72,kWh,OK
2026-07-23,M037,C017,DE,Facility-17,1956.17,kWh,OK
2026-07-23,M038,C018,CA,Facility-18,853.43,kWh,OK
2026-07-23,M039,C019,US,Facility-19,2080.96,kWh,OK
2026-07-23,M040,C020,SG,Facility-20,,kWh,MISSING
2026-07-23,M041,C001,US,Facility-01,944.88,kWh,OK
2026-07-23,M042,C002,US,Facility-02,1311.95,kWh,OK
2026-07-23,M043,C003,DE,Facility-03,1898.44,kWh,OK
2026-07-23,M044,C004,UK,Facility-04,1019.63,kWh,OK
2026-07-23,M045,C005,US,Facility-05,1690.27,kWh,OK
2026-07-23,M046,C006,CA,Facility-06,1702.44,kWh,OK
2026-07-23,M047,C007,AU,Facility-07,1962.57,kWh,OK
2026-07-23,M048,C008,SG,Facility-08,1013.62,kWh,OK
2026-07-23,M049,C009,IN,Facility-09,889.44,kWh,OK
2026-07-23,M050,C010,NL,Facility-10,1889.52,kWh,OK
2026-07-23,M051,C011,US,Facility-11,1000.65,kWh,OK
2026-07-23,M052,C012,SE,Facility-12,2926.54,kWh,OK
2026-07-23,M053,C013,MX,Facility-13,1825.59,kWh,OK
2026-07-23,M054,C014,NL,Facility-14,2007.33,kWh,OK
2026-07-23,M055,C015,UK,Facility-15,874.86,kWh,OK
2026-07-23,M056,C016,US,Facility-16,1140.48,kWh,OK
2026-07-23,M057,C017,DE,Facility-17,,kWh,MISSING
2026-07-23,M058,C018,CA,Facility-18,980.41,kWh,OK
2026-07-23,M059,C019,US,Facility-19,2165.19,kWh,OK
2026-07-23,M060,C020,SG,Facility-20,1085.89,kWh,OK
2026-07-24,M001,C001,US,Facility-01,1141.45,kWh,OK
2026-07-24,M002,C002,US,Facility-02,1427.77,kWh,OK
2026-07-24,M003,C003,DE,Facility-03,1743.7,kWh,OK
2026-07-24,M004,C004,UK,Facility-04,1053.84,kWh,OK
2026-07-24,M005,C005,US,Facility-05,1573.74,kWh,OK
2026-07-24,M006,C006,CA,Facility-06,2001.75,kWh,OK
2026-07-24,M007,C007,AU,Facility-07,1818.88,kWh,OK
2026-07-24,M008,C008,SG,Facility-08,916.08,kWh,OK
2026-07-24,M009,C009,IN,Facility-09,937.33,kWh,OK
2026-07-24,M010,C010,NL,Facility-10,1851.24,kWh,OK
2026-07-24,M011,C011,US,Facility-11,1086.85,kWh,OK
2026-07-24,M012,C012,SE,Facility-12,2936.54,kWh,OK
2026-07-24,M013,C013,MX,Facility-13,1622.73,kWh,OK
2026-07-24,M014,C014,NL,Facility-14,1909.72,kWh,OK
2026-07-24,M015,C015,UK,Facility-15,1105.2,kWh,OK
2026-07-24,M016,C016,US,Facility-16,3179.39,kWh,ANOMALY
2026-07-24,M017,C017,DE,Facility-17,2023.66,kWh,OK
2026-07-24,M018,C018,CA,Facility-18,914.47,kWh,OK
2026-07-24,M019,C019,US,Facility-19,2132.85,kWh,OK
2026-07-24,M020,C020,SG,Facility-20,904.53,kWh,OK
2026-07-24,M021,C001,US,Facility-01,1130.78,kWh,OK
2026-07-24,M022,C002,US,Facility-02,1234.03,kWh,OK
2026-07-24,M023,C003,DE,Facility-03,1695.15,kWh,OK
2026-07-24,M024,C004,UK,Facility-04,1120.0,kWh,OK
2026-07-24,M025,C005,US,Facility-05,1707.62,kWh,OK
2026-07-24,M026,C006,CA,Facility-06,1655.99,kWh,OK
2026-07-24,M027,C007,AU,Facility-07,1926.03,kWh,OK
2026-07-24,M028,C008,SG,Facility-08,1114.72,kWh,OK
2026-07-24,M029,C009,IN,Facility-09,955.58,kWh,OK
2026-07-24,M030,C010,NL,Facility-10,1499.25,kWh,OK
2026-07-24,M031,C011,US,Facility-11,1014.54,kWh,OK
2026-07-24,M032,C012,SE,Facility-12,2776.64,kWh,OK
2026-07-24,M033,C013,MX,Facility-13,1530.06,kWh,OK
2026-07-24,M034,C014,NL,Facility-14,2149.12,kWh,OK
2026-07-24,M035,C015,UK,Facility-15,1003.68,kWh,OK
2026-07-24,M036,C016,US,Facility-16,1169.51,kWh,OK
2026-07-24,M037,C017,DE,Facility-17,2112.06,kWh,OK
2026-07-24,M038,C018,CA,Facility-18,875.53,kWh,OK
2026-07-24,M039,C019,US,Facility-19,1883.04,kWh,OK
2026-07-24,M040,C020,SG,Facility-20,936.44,kWh,OK
2026-07-24,M041,C001,US,Facility-01,1129.33,kWh,OK
2026-07-24,M042,C002,US,Facility-02,1268.1,kWh,OK
2026-07-24,M043,C003,DE,Facility-03,1776.69,kWh,OK
2026-07-24,M044,C004,UK,Facility-04,1123.72,kWh,OK
2026-07-24,M045,C005,US,Facility-05,1561.29,kWh,OK
2026-07-24,M046,C006,CA,Facility-06,1659.37,kWh,OK
2026-07-24,M047,C007,AU,Facility-07,1840.8,kWh,OK
2026-07-24,M048,C008,SG,Facility-08,926.18,kWh,OK
2026-07-24,M049,C009,IN,Facility-09,833.72,kWh,OK
2026-07-24,M050,C010,NL,Facility-10,1484.6,kWh,OK
2026-07-24,M051,C011,US,Facility-11,876.4,kWh,OK
2026-07-24,M052,C012,SE,Facility-12,2994.49,kWh,OK
2026-07-24,M053,C013,MX,Facility-13,1525.72,kWh,OK
2026-07-24,M054,C014,NL,Facility-14,1777.07,kWh,OK
2026-07-24,M055,C015,UK,Facility-15,1025.89,kWh,OK
2026-07-24,M056,C016,US,Facility-16,1084.1,kWh,OK
2026-07-24,M057,C017,DE,Facility-17,1994.74,kWh,OK
2026-07-24,M058,C018,CA,Facility-18,949.13,kWh,OK
2026-07-24,M059,C019,US,Facility-19,2142.44,kWh,OK
2026-07-24,M060,C020,SG,Facility-20,983.26,kWh,OK
2026-07-25,M001,C001,US,Facility-01,848.01,kWh,OK
2026-07-25,M002,C002,US,Facility-02,1144.12,kWh,OK
2026-07-25,M003,C003,DE,Facility-03,5911.51,kWh,ANOMALY
2026-07-25,M004,C004,UK,Facility-04,,kWh,MISSING
2026-07-25,M005,C005,US,Facility-05,1442.23,kWh,OK
2026-07-25,M006,C006,CA,Facility-06,1344.32,kWh,OK
2026-07-25,M007,C007,AU,Facility-07,4305.11,kWh,ANOMALY
2026-07-25,M008,C008,SG,Facility-08,898.39,kWh,OK
2026-07-25,M009,C009,IN,Facility-09,848.88,kWh,OK
2026-07-25,M010,C010,NL,Facility-10,1352.38,kWh,OK
2026-07-25,M011,C011,US,Facility-11,893.23,kWh,OK
2026-07-25,M012,C012,SE,Facility-12,2569.69,kWh,OK
2026-07-25,M013,C013,MX,Facility-13,1500.59,kWh,OK
2026-07-25,M014,C014,NL,Facility-14,1535.82,kWh,OK
2026-07-25,M015,C015,UK,Facility-15,864.02,kWh,OK
2026-07-25,M016,C016,US,Facility-16,854.52,kWh,OK
2026-07-25,M017,C017,DE,Facility-17,1821.22,kWh,OK
2026-07-25,M018,C018,CA,Facility-18,723.66,kWh,OK
2026-07-25,M019,C019,US,Facility-19,1644.05,kWh,OK
2026-07-25,M020,C020,SG,Facility-20,798.68,kWh,OK
2026-07-25,M021,C001,US,Facility-01,995.9,kWh,OK
2026-07-25,M022,C002,US,Facility-02,1110.74,kWh,OK
2026-07-25,M023,C003,DE,Facility-03,1425.86,kWh,OK
2026-07-25,M024,C004,UK,Facility-04,963.55,kWh,OK
2026-07-25,M025,C005,US,Facility-05,1407.12,kWh,OK
2026-07-25,M026,C006,CA,Facility-06,1644.97,kWh,OK
2026-07-25,M027,C007,AU,Facility-07,1483.2,kWh,OK
2026-07-25,M028,C008,SG,Facility-08,875.68,kWh,OK
2026-07-25,M029,C009,IN,Facility-09,899.33,kWh,OK
2026-07-25,M030,C010,NL,Facility-10,1370.6,kWh,OK
2026-07-25,M031,C011,US,Facility-11,737.72,kWh,OK
2026-07-25,M032,C012,SE,Facility-12,2297.31,kWh,OK
2026-07-25,M033,C013,MX,Facility-13,1528.75,kWh,OK
2026-07-25,M034,C014,NL,Facility-14,1505.9,kWh,OK
2026-07-25,M035,C015,UK,Facility-15,766.79,kWh,OK
2026-07-25,M036,C016,US,Facility-16,2471.54,kWh,ANOMALY
2026-07-25,M037,C017,DE,Facility-17,1793.48,kWh,OK
2026-07-25,M038,C018,CA,Facility-18,688.07,kWh,OK
2026-07-25,M039,C019,US,Facility-19,1819.4,kWh,OK
2026-07-25,M040,C020,SG,Facility-20,859.38,kWh,OK
2026-07-25,M041,C001,US,Facility-01,928.49,kWh,OK
2026-07-25,M042,C002,US,Facility-02,1081.57,kWh,OK
2026-07-25,M043,C003,DE,Facility-03,1716.22,kWh,OK
2026-07-25,M044,C004,UK,Facility-04,894.27,kWh,OK
2026-07-25,M045,C005,US,Facility-05,1178.56,kWh,OK
2026-07-25,M046,C006,CA,Facility-06,1514.0,kWh,OK
2026-07-25,M047,C007,AU,Facility-07,1385.09,kWh,OK
2026-07-25,M048,C008,SG,Facility-08,937.52,kWh,OK
2026-07-25,M049,C009,IN,Facility-09,885.4,kWh,OK
2026-07-25,M050,C010,NL,Facility-10,1312.36,kWh,OK
2026-07-25,M051,C011,US,Facility-11,2865.98,kWh,ANOMALY
2026-07-25,M052,C012,SE,Facility-12,2254.51,kWh,OK
2026-07-25,M053,C013,MX,Facility-13,1488.85,kWh,OK
2026-07-25,M054,C014,NL,Facility-14,1740.71,kWh,OK
2026-07-25,M055,C015,UK,Facility-15,843.8,kWh,OK
2026-07-25,M056,C016,US,Facility-16,956.24,kWh,OK
2026-07-25,M057,C017,DE,Facility-17,1623.97,kWh,OK
2026-07-25,M058,C018,CA,Facility-18,835.77,kWh,OK
2026-07-25,M059,C019,US,Facility-19,1630.08,kWh,OK
2026-07-25,M060,C020,SG,Facility-20,847.78,kWh,OK
2026-07-26,M001,C001,US,Facility-01,888.61,kWh,OK
2026-07-26,M002,C002,US,Facility-02,1121.54,kWh,OK
2026-07-26,M003,C003,DE,Facility-03,1788.12,kWh,OK
2026-07-26,M004,C004,UK,Facility-04,1068.44,kWh,OK
2026-07-26,M005,C005,US,Facility-05,1153.77,kWh,OK
2026-07-26,M006,C006,CA,Facility-06,1505.46,kWh,OK
2026-07-26,M007,C007,AU,Facility-07,1630.72,kWh,OK
2026-07-26,M008,C008,SG,Facility-08,786.77,kWh,OK
2026-07-26,M009,C009,IN,Facility-09,894.9,kWh,OK
2026-07-26,M010,C010,NL,Facility-10,1452.0,kWh,OK
2026-07-26,M011,C011,US,Facility-11,782.19,kWh,OK
2026-07-26,M012,C012,SE,Facility-12,2610.45,kWh,OK
2026-07-26,M013,C013,MX,Facility-13,1439.69,kWh,OK
2026-07-26,M014,C014,NL,Facility-14,1743.71,kWh,OK
2026-07-26,M015,C015,UK,Facility-15,769.61,kWh,OK
2026-07-26,M016,C016,US,Facility-16,847.44,kWh,OK
2026-07-26,M017,C017,DE,Facility-17,1736.35,kWh,OK
2026-07-26,M018,C018,CA,Facility-18,734.65,kWh,OK
2026-07-26,M019,C019,US,Facility-19,1733.93,kWh,OK
2026-07-26,M020,C020,SG,Facility-20,846.1,kWh,OK
2026-07-26,M021,C001,US,Facility-01,979.58,kWh,OK
2026-07-26,M022,C002,US,Facility-02,1145.8,kWh,OK
2026-07-26,M023,C003,DE,Facility-03,1809.98,kWh,OK
2026-07-26,M024,C004,UK,Facility-04,1094.35,kWh,OK
2026-07-26,M025,C005,US,Facility-05,1207.75,kWh,OK
2026-07-26,M026,C006,CA,Facility-06,1666.28,kWh,OK
2026-07-26,M027,C007,AU,Facility-07,1526.1,kWh,OK
2026-07-26,M028,C008,SG,Facility-08,805.97,kWh,OK
2026-07-26,M029,C009,IN,Facility-09,725.57,kWh,OK
2026-07-26,M030,C010,NL,Facility-10,1341.26,kWh,OK
2026-07-26,M031,C011,US,Facility-11,814.71,kWh,OK
2026-07-26,M032,C012,SE,Facility-12,2594.28,kWh,OK
2026-07-26,M033,C013,MX,Facility-13,1506.63,kWh,OK
2026-07-26,M034,C014,NL,Facility-14,1848.08,kWh,OK
2026-07-26,M035,C015,UK,Facility-15,888.43,kWh,OK
2026-07-26,M036,C016,US,Facility-16,822.98,kWh,OK
2026-07-26,M037,C017,DE,Facility-17,1952.33,kWh,OK
2026-07-26,M038,C018,CA,Facility-18,842.62,kWh,OK
2026-07-26,M039,C019,US,Facility-19,6884.33,kWh,ANOMALY
2026-07-26,M040,C020,SG,Facility-20,790.72,kWh,OK
2026-07-26,M041,C001,US,Facility-01,803.11,kWh,OK
2026-07-26,M042,C002,US,Facility-02,1027.11,kWh,OK
2026-07-26,M043,C003,DE,Facility-03,1587.3,kWh,OK
2026-07-26,M044,C004,UK,Facility-04,901.55,kWh,OK
2026-07-26,M045,C005,US,Facility-05,1177.71,kWh,OK
2026-07-26,M046,C006,CA,Facility-06,1360.23,kWh,OK
2026-07-26,M047,C007,AU,Facility-07,1506.01,kWh,OK
2026-07-26,M048,C008,SG,Facility-08,801.45,kWh,OK
2026-07-26,M049,C009,IN,Facility-09,831.4,kWh,OK
2026-07-26,M050,C010,NL,Facility-10,1527.64,kWh,OK
2026-07-26,M051,C011,US,Facility-11,895.86,kWh,OK
2026-07-26,M052,C012,SE,Facility-12,2193.92,kWh,OK
2026-07-26,M053,C013,MX,Facility-13,1335.8,kWh,OK
2026-07-26,M054,C014,NL,Facility-14,1467.7,kWh,OK
2026-07-26,M055,C015,UK,Facility-15,863.69,kWh,OK
2026-07-26,M056,C016,US,Facility-16,844.48,kWh,OK
2026-07-26,M057,C017,DE,Facility-17,1665.43,kWh,OK
2026-07-26,M058,C018,CA,Facility-18,839.25,kWh,OK
2026-07-26,M059,C019,US,Facility-19,1969.51,kWh,OK
2026-07-26,M060,C020,SG,Facility-20,3288.24,kWh,ANOMALY
2026-07-27,M001,C001,US,Facility-01,1022.94,kWh,OK
2026-07-27,M002,C002,US,Facility-02,1376.84,kWh,OK
2026-07-27,M003,C003,DE,Facility-03,1772.4,kWh,OK
2026-07-27,M004,C004,UK,Facility-04,1034.64,kWh,OK
2026-07-27,M005,C005,US,Facility-05,1559.75,kWh,OK
2026-07-27,M006,C006,CA,Facility-06,1653.06,kWh,OK
2026-07-27,M007,C007,AU,Facility-07,1820.76,kWh,OK
2026-07-27,M008,C008,SG,Facility-08,907.01,kWh,OK
2026-07-27,M009,C009,IN,Facility-09,1024.3,kWh,OK
2026-07-27,M010,C010,NL,Facility-10,1481.42,kWh,OK
2026-07-27,M011,C011,US,Facility-11,913.78,kWh,OK
2026-07-27,M012,C012,SE,Facility-12,2582.89,kWh,OK
2026-07-27,M013,C013,MX,Facility-13,1645.09,kWh,OK
2026-07-27,M014,C014,NL,Facility-14,1942.2,kWh,OK
2026-07-27,M015,C015,UK,Facility-15,920.43,kWh,OK
2026-07-27,M016,C016,US,Facility-16,1060.87,kWh,OK
2026-07-27,M017,C017,DE,Facility-17,2038.1,kWh,OK
2026-07-27,M018,C018,CA,Facility-18,1014.38,kWh,OK
2026-07-27,M019,C019,US,Facility-19,2139.63,kWh,OK
2026-07-27,M020,C020,SG,Facility-20,1056.57,kWh,OK
2026-07-27,M021,C001,US,Facility-01,977.62,kWh,OK
2026-07-27,M022,C002,US,Facility-02,1418.58,kWh,OK
2026-07-27,M023,C003,DE,Facility-03,2113.89,kWh,OK
2026-07-27,M024,C004,UK,Facility-04,1059.9,kWh,OK
2026-07-27,M025,C005,US,Facility-05,1712.1,kWh,OK
2026-07-27,M026,C006,CA,Facility-06,1826.0,kWh,OK
2026-07-27,M027,C007,AU,Facility-07,1785.91,kWh,OK
2026-07-27,M028,C008,SG,Facility-08,987.38,kWh,OK
2026-07-27,M029,C009,IN,Facility-09,850.99,kWh,OK
2026-07-27,M030,C010,NL,Facility-10,1536.3,kWh,OK
2026-07-27,M031,C011,US,Facility-11,935.6,kWh,OK
2026-07-27,M032,C012,SE,Facility-12,2596.82,kWh,OK
2026-07-27,M033,C013,MX,Facility-13,1727.23,kWh,OK
2026-07-27,M034,C014,NL,Facility-14,1919.99,kWh,OK
2026-07-27,M035,C015,UK,Facility-15,1094.37,kWh,OK
2026-07-27,M036,C016,US,Facility-16,1027.28,kWh,OK
2026-07-27,M037,C017,DE,Facility-17,1946.92,kWh,OK
2026-07-27,M038,C018,CA,Facility-18,848.98,kWh,OK
2026-07-27,M039,C019,US,Facility-19,1929.63,kWh,OK
2026-07-27,M040,C020,SG,Facility-20,1024.69,kWh,OK
2026-07-27,M041,C001,US,Facility-01,1064.19,kWh,OK
2026-07-27,M042,C002,US,Facility-02,1487.1,kWh,OK
2026-07-27,M043,C003,DE,Facility-03,1740.59,kWh,OK
2026-07-27,M044,C004,UK,Facility-04,997.57,kWh,OK
2026-07-27,M045,C005,US,Facility-05,1622.4,kWh,OK
2026-07-27,M046,C006,CA,Facility-06,1604.62,kWh,OK
2026-07-27,M047,C007,AU,Facility-07,1934.1,kWh,OK
2026-07-27,M048,C008,SG,Facility-08,1027.09,kWh,OK
2026-07-27,M049,C009,IN,Facility-09,828.41,kWh,OK
2026-07-27,M050,C010,NL,Facility-10,1609.31,kWh,OK
2026-07-27,M051,C011,US,Facility-11,1005.43,kWh,OK
2026-07-27,M052,C012,SE,Facility-12,3092.41,kWh,OK
2026-07-27,M053,C013,MX,Facility-13,1769.21,kWh,OK
2026-07-27,M054,C014,NL,Facility-14,1972.89,kWh,OK
2026-07-27,M055,C015,UK,Facility-15,999.07,kWh,OK
2026-07-27,M056,C016,US,Facility-16,964.24,kWh,OK
2026-07-27,M057,C017,DE,Facility-17,2012.27,kWh,OK
2026-07-27,M058,C018,CA,Facility-18,885.15,kWh,OK
2026-07-27,M059,C019,US,Facility-19,2081.57,kWh,OK
2026-07-27,M060,C020,SG,Facility-20,965.2,kWh,OK
2026-07-28,M001,C001,US,Facility-01,1110.61,kWh,OK
2026-07-28,M002,C002,US,Facility-02,1235.49,kWh,OK
2026-07-28,M003,C003,DE,Facility-03,1733.59,kWh,OK
2026-07-28,M004,C004,UK,Facility-04,1052.42,kWh,OK
2026-07-28,M005,C005,US,Facility-05,1602.49,kWh,OK
2026-07-28,M006,C006,CA,Facility-06,1907.91,kWh,OK
2026-07-28,M007,C007,AU,Facility-07,1744.08,kWh,OK
2026-07-28,M008,C008,SG,Facility-08,1007.46,kWh,OK
2026-07-28,M009,C009,IN,Facility-09,1047.92,kWh,OK
2026-07-28,M010,C010,NL,Facility-10,1807.5,kWh,OK
2026-07-28,M011,C011,US,Facility-11,1022.04,kWh,OK
2026-07-28,M012,C012,SE,Facility-12,2641.65,kWh,OK
2026-07-28,M013,C013,MX,Facility-13,1551.82,kWh,OK
2026-07-28,M014,C014,NL,Facility-14,2027.35,kWh,OK
2026-07-28,M015,C015,UK,Facility-15,909.14,kWh,OK
2026-07-28,M016,C016,US,Facility-16,1079.19,kWh,OK
2026-07-28,M017,C017,DE,Facility-17,1849.29,kWh,OK
2026-07-28,M018,C018,CA,Facility-18,923.84,kWh,OK
2026-07-28,M019,C019,US,Facility-19,1848.12,kWh,OK
2026-07-28,M020,C020,SG,Facility-20,989.27,kWh,OK
2026-07-28,M021,C001,US,Facility-01,1123.02,kWh,OK
2026-07-28,M022,C002,US,Facility-02,1417.3,kWh,OK
2026-07-28,M023,C003,DE,Facility-03,1971.05,kWh,OK
2026-07-28,M024,C004,UK,Facility-04,1263.24,kWh,OK
2026-07-28,M025,C005,US,Facility-05,1400.63,kWh,OK
2026-07-28,M026,C006,CA,Facility-06,1895.42,kWh,OK
2026-07-28,M027,C007,AU,Facility-07,1620.36,kWh,OK
2026-07-28,M028,C008,SG,Facility-08,1153.79,kWh,OK
2026-07-28,M029,C009,IN,Facility-09,907.4,kWh,OK
2026-07-28,M030,C010,NL,Facility-10,1659.11,kWh,OK
2026-07-28,M031,C011,US,Facility-11,889.36,kWh,OK
2026-07-28,M032,C012,SE,Facility-12,2899.77,kWh,OK
2026-07-28,M033,C013,MX,Facility-13,1678.91,kWh,OK
2026-07-28,M034,C014,NL,Facility-14,2028.63,kWh,OK
2026-07-28,M035,C015,UK,Facility-15,1032.26,kWh,OK
2026-07-28,M036,C016,US,Facility-16,1031.04,kWh,OK
2026-07-28,M037,C017,DE,Facility-17,2132.73,kWh,OK
2026-07-28,M038,C018,CA,Facility-18,817.09,kWh,OK
2026-07-28,M039,C019,US,Facility-19,2142.87,kWh,OK
2026-07-28,M040,C020,SG,Facility-20,1004.88,kWh,OK
2026-07-28,M041,C001,US,Facility-01,903.3,kWh,OK
2026-07-28,M042,C002,US,Facility-02,1229.39,kWh,OK
2026-07-28,M043,C003,DE,Facility-03,2132.56,kWh,OK
2026-07-28,M044,C004,UK,Facility-04,,kWh,MISSING
2026-07-28,M045,C005,US,Facility-05,1409.65,kWh,OK
2026-07-28,M046,C006,CA,Facility-06,1716.98,kWh,OK
2026-07-28,M047,C007,AU,Facility-07,1542.44,kWh,OK
2026-07-28,M048,C008,SG,Facility-08,1098.43,kWh,OK
2026-07-28,M049,C009,IN,Facility-09,860.76,kWh,OK
2026-07-28,M050,C010,NL,Facility-10,1765.81,kWh,OK
2026-07-28,M051,C011,US,Facility-11,1018.53,kWh,OK
2026-07-28,M052,C012,SE,Facility-12,3170.35,kWh,OK
2026-07-28,M053,C013,MX,Facility-13,1751.13,kWh,OK
2026-07-28,M054,C014,NL,Facility-14,2132.82,kWh,OK
2026-07-28,M055,C015,UK,Facility-15,937.69,kWh,OK
2026-07-28,M056,C016,US,Facility-16,1142.89,kWh,OK
2026-07-28,M057,C017,DE,Facility-17,2039.02,kWh,OK
2026-07-28,M058,C018,CA,Facility-18,794.18,kWh,OK
2026-07-28,M059,C019,US,Facility-19,2255.2,kWh,OK
2026-07-28,M060,C020,SG,Facility-20,1001.31,kWh,OK
2026-07-29,M001,C001,US,Facility-01,1091.02,kWh,OK
2026-07-29,M002,C002,US,Facility-02,1333.27,kWh,OK
2026-07-29,M003,C003,DE,Facility-03,1866.41,kWh,OK
2026-07-29,M004,C004,UK,Facility-04,1081.88,kWh,OK
2026-07-29,M005,C005,US,Facility-05,1636.32,kWh,OK
2026-07-29,M006,C006,CA,Facility-06,1585.46,kWh,OK
2026-07-29,M007,C007,AU,Facility-07,1626.17,kWh,OK
2026-07-29,M008,C008,SG,Facility-08,1044.76,kWh,OK
2026-07-29,M009,C009,IN,Facility-09,1029.07,kWh,OK
2026-07-29,M010,C010,NL,Facility-10,1767.65,kWh,OK
2026-07-29,M011,C011,US,Facility-11,971.45,kWh,OK
2026-07-29,M012,C012,SE,Facility-12,2512.1,kWh,OK
2026-07-29,M013,C013,MX,Facility-13,1671.44,kWh,OK
2026-07-29,M014,C014,NL,Facility-14,1734.04,kWh,OK
2026-07-29,M015,C015,UK,Facility-15,936.93,kWh,OK
2026-07-29,M016,C016,US,Facility-16,1200.91,kWh,OK
2026-07-29,M017,C017,DE,Facility-17,1997.05,kWh,OK
2026-07-29,M018,C018,CA,Facility-18,814.29,kWh,OK
2026-07-29,M019,C019,US,Facility-19,1813.9,kWh,OK
2026-07-29,M020,C020,SG,Facility-20,903.53,kWh,OK
2026-07-29,M021,C001,US,Facility-01,940.64,kWh,OK
2026-07-29,M022,C002,US,Facility-02,1273.93,kWh,OK
2026-07-29,M023,C003,DE,Facility-03,1811.36,kWh,OK
2026-07-29,M024,C004,UK,Facility-04,1131.3,kWh,OK
2026-07-29,M025,C005,US,Facility-05,1351.71,kWh,OK
2026-07-29,M026,C006,CA,Facility-06,1851.06,kWh,OK
2026-07-29,M027,C007,AU,Facility-07,1857.79,kWh,OK
2026-07-29,M028,C008,SG,Facility-08,1123.3,kWh,OK
2026-07-29,M029,C009,IN,Facility-09,947.27,kWh,OK
2026-07-29,M030,C010,NL,Facility-10,1675.81,kWh,OK
2026-07-29,M031,C011,US,Facility-11,1087.78,kWh,OK
2026-07-29,M032,C012,SE,Facility-12,3016.47,kWh,OK
2026-07-29,M033,C013,MX,Facility-13,1519.13,kWh,OK
2026-07-29,M034,C014,NL,Facility-14,2022.55,kWh,OK
2026-07-29,M035,C015,UK,Facility-15,1035.03,kWh,OK
2026-07-29,M036,C016,US,Facility-16,1198.18,kWh,OK
2026-07-29,M037,C017,DE,Facility-17,2105.43,kWh,OK
2026-07-29,M038,C018,CA,Facility-18,826.64,kWh,OK
2026-07-29,M039,C019,US,Facility-19,1873.73,kWh,OK
2026-07-29,M040,C020,SG,Facility-20,1052.02,kWh,OK
2026-07-29,M041,C001,US,Facility-01,1114.27,kWh,OK
2026-07-29,M042,C002,US,Facility-02,1333.12,kWh,OK
2026-07-29,M043,C003,DE,Facility-03,2120.35,kWh,OK
2026-07-29,M044,C004,UK,Facility-04,1232.0,kWh,OK
2026-07-29,M045,C005,US,Facility-05,1501.71,kWh,OK
2026-07-29,M046,C006,CA,Facility-06,1683.68,kWh,OK
2026-07-29,M047,C007,AU,Facility-07,1963.09,kWh,OK
2026-07-29,M048,C008,SG,Facility-08,1063.08,kWh,OK
2026-07-29,M049,C009,IN,Facility-09,1017.03,kWh,OK
2026-07-29,M050,C010,NL,Facility-10,1503.42,kWh,OK
2026-07-29,M051,C011,US,Facility-11,1050.29,kWh,OK
2026-07-29,M052,C012,SE,Facility-12,2998.44,kWh,OK
2026-07-29,M053,C013,MX,Facility-13,1794.52,kWh,OK
2026-07-29,M054,C014,NL,Facility-14,1710.81,kWh,OK
2026-07-29,M055,C015,UK,Facility-15,992.37,kWh,OK
2026-07-29,M056,C016,US,Facility-16,1005.34,kWh,OK
2026-07-29,M057,C017,DE,Facility-17,2157.21,kWh,OK
2026-07-29,M058,C018,CA,Facility-18,1006.26,kWh,OK
2026-07-29,M059,C019,US,Facility-19,,kWh,MISSING
2026-07-29,M060,C020,SG,Facility-20,1099.74,kWh,OK
2026-07-30,M001,C001,US,Facility-01,981.36,kWh,OK
2026-07-30,M002,C002,US,Facility-02,1206.65,kWh,OK
2026-07-30,M003,C003,DE,Facility-03,1821.34,kWh,OK
2026-07-30,M004,C004,UK,Facility-04,1062.2,kWh,OK
2026-07-30,M005,C005,US,Facility-05,1455.62,kWh,OK
2026-07-30,M006,C006,CA,Facility-06,1827.35,kWh,OK
2026-07-30,M007,C007,AU,Facility-07,1625.27,kWh,OK
2026-07-30,M008,C008,SG,Facility-08,1129.32,kWh,OK
2026-07-30,M009,C009,IN,Facility-09,980.3,kWh,OK
2026-07-30,M010,C010,NL,Facility-10,1479.96,kWh,OK
2026-07-30,M011,C011,US,Facility-11,965.73,kWh,OK
2026-07-30,M012,C012,SE,Facility-12,2985.16,kWh,OK
2026-07-30,M013,C013,MX,Facility-13,1753.21,kWh,OK
2026-07-30,M014,C014,NL,Facility-14,1801.6,kWh,OK
2026-07-30,M015,C015,UK,Facility-15,971.79,kWh,OK
2026-07-30,M016,C016,US,Facility-16,1120.16,kWh,OK
2026-07-30,M017,C017,DE,Facility-17,1975.29,kWh,OK
2026-07-30,M018,C018,CA,Facility-18,913.92,kWh,OK
2026-07-30,M019,C019,US,Facility-19,2108.88,kWh,OK
2026-07-30,M020,C020,SG,Facility-20,972.71,kWh,OK
2026-07-30,M021,C001,US,Facility-01,1097.96,kWh,OK
2026-07-30,M022,C002,US,Facility-02,1461.38,kWh,OK
2026-07-30,M023,C003,DE,Facility-03,2079.5,kWh,OK
2026-07-30,M024,C004,UK,Facility-04,1210.81,kWh,OK
2026-07-30,M025,C005,US,Facility-05,1579.68,kWh,OK
2026-07-30,M026,C006,CA,Facility-06,1598.4,kWh,OK
2026-07-30,M027,C007,AU,Facility-07,1752.93,kWh,OK
2026-07-30,M028,C008,SG,Facility-08,1100.95,kWh,OK
2026-07-30,M029,C009,IN,Facility-09,1011.28,kWh,OK
2026-07-30,M030,C010,NL,Facility-10,1874.79,kWh,OK
2026-07-30,M031,C011,US,Facility-11,997.82,kWh,OK
2026-07-30,M032,C012,SE,Facility-12,2634.4,kWh,OK
2026-07-30,M033,C013,MX,Facility-13,1761.6,kWh,OK
2026-07-30,M034,C014,NL,Facility-14,1752.42,kWh,OK
2026-07-30,M035,C015,UK,Facility-15,928.15,kWh,OK
2026-07-30,M036,C016,US,Facility-16,3098.29,kWh,ANOMALY
2026-07-30,M037,C017,DE,Facility-17,2168.94,kWh,OK
2026-07-30,M038,C018,CA,Facility-18,974.76,kWh,OK
2026-07-30,M039,C019,US,Facility-19,2064.47,kWh,OK
2026-07-30,M040,C020,SG,Facility-20,937.82,kWh,OK
2026-07-30,M041,C001,US,Facility-01,1152.02,kWh,OK
2026-07-30,M042,C002,US,Facility-02,1536.75,kWh,OK
2026-07-30,M043,C003,DE,Facility-03,1860.71,kWh,OK
2026-07-30,M044,C004,UK,Facility-04,1208.66,kWh,OK
2026-07-30,M045,C005,US,Facility-05,1627.56,kWh,OK
2026-07-30,M046,C006,CA,Facility-06,1759.28,kWh,OK
2026-07-30,M047,C007,AU,Facility-07,1881.92,kWh,OK
2026-07-30,M048,C008,SG,Facility-08,1093.41,kWh,OK
2026-07-30,M049,C009,IN,Facility-09,4185.78,kWh,ANOMALY
2026-07-30,M050,C010,NL,Facility-10,1768.43,kWh,OK
2026-07-30,M051,C011,US,Facility-11,865.73,kWh,OK
2026-07-30,M052,C012,SE,Facility-12,3217.89,kWh,OK
2026-07-30,M053,C013,MX,Facility-13,1782.37,kWh,OK
2026-07-30,M054,C014,NL,Facility-14,1760.39,kWh,OK
2026-07-30,M055,C015,UK,Facility-15,1053.67,kWh,OK
2026-07-30,M056,C016,US,Facility-16,1115.71,kWh,OK
2026-07-30,M057,C017,DE,Facility-17,2222.67,kWh,OK
2026-07-30,M058,C018,CA,Facility-18,,kWh,MISSING
2026-07-30,M059,C019,US,Facility-19,1857.88,kWh,OK
2026-07-30,M060,C020,SG,Facility-20,906.76,kWh,OK
2026-07-31,M001,C001,US,Facility-01,909.2,kWh,OK
2026-07-31,M002,C002,US,Facility-02,1418.47,kWh,OK
2026-07-31,M003,C003,DE,Facility-03,1956.99,kWh,OK
2026-07-31,M004,C004,UK,Facility-04,1244.48,kWh,OK
2026-07-31,M005,C005,US,Facility-05,1684.33,kWh,OK
2026-07-31,M006,C006,CA,Facility-06,1990.51,kWh,OK
2026-07-31,M007,C007,AU,Facility-07,1752.06,kWh,OK
2026-07-31,M008,C008,SG,Facility-08,1151.44,kWh,OK
2026-07-31,M009,C009,IN,Facility-09,1036.71,kWh,OK
2026-07-31,M010,C010,NL,Facility-10,1543.61,kWh,OK
2026-07-31,M011,C011,US,Facility-11,952.1,kWh,OK
2026-07-31,M012,C012,SE,Facility-12,3217.46,kWh,OK
2026-07-31,M013,C013,MX,Facility-13,1628.36,kWh,OK
2026-07-31,M014,C014,NL,Facility-14,1800.91,kWh,OK
2026-07-31,M015,C015,UK,Facility-15,1052.54,kWh,OK
2026-07-31,M016,C016,US,Facility-16,1206.66,kWh,OK
2026-07-31,M017,C017,DE,Facility-17,1885.93,kWh,OK
2026-07-31,M018,C018,CA,Facility-18,890.6,kWh,OK
2026-07-31,M019,C019,US,Facility-19,2147.39,kWh,OK
2026-07-31,M020,C020,SG,Facility-20,918.59,kWh,OK
2026-07-31,M021,C001,US,Facility-01,1056.17,kWh,OK
2026-07-31,M022,C002,US,Facility-02,1360.23,kWh,OK
2026-07-31,M023,C003,DE,Facility-03,2026.48,kWh,OK
2026-07-31,M024,C004,UK,Facility-04,994.14,kWh,OK
2026-07-31,M025,C005,US,Facility-05,1520.07,kWh,OK
2026-07-31,M026,C006,CA,Facility-06,1740.76,kWh,OK
2026-07-31,M027,C007,AU,Facility-07,1827.27,kWh,OK
2026-07-31,M028,C008,SG,Facility-08,1047.7,kWh,OK
2026-07-31,M029,C009,IN,Facility-09,929.42,kWh,OK
2026-07-31,M030,C010,NL,Facility-10,1549.99,kWh,OK
2026-07-31,M031,C011,US,Facility-11,903.63,kWh,OK
2026-07-31,M032,C012,SE,Facility-12,2976.54,kWh,OK
2026-07-31,M033,C013,MX,Facility-13,1687.62,kWh,OK
2026-07-31,M034,C014,NL,Facility-14,1808.32,kWh,OK
2026-07-31,M035,C015,UK,Facility-15,981.72,kWh,OK
2026-07-31,M036,C016,US,Facility-16,1036.81,kWh,OK
2026-07-31,M037,C017,DE,Facility-17,2091.23,kWh,OK
2026-07-31,M038,C018,CA,Facility-18,799.96,kWh,OK
2026-07-31,M039,C019,US,Facility-19,1868.82,kWh,OK
2026-07-31,M040,C020,SG,Facility-20,966.88,kWh,OK
2026-07-31,M041,C001,US,Facility-01,942.61,kWh,OK
2026-07-31,M042,C002,US,Facility-02,1200.94,kWh,OK
2026-07-31,M043,C003,DE,Facility-03,1875.81,kWh,OK
2026-07-31,M044,C004,UK,Facility-04,1198.95,kWh,OK
2026-07-31,M045,C005,US,Facility-05,1350.2,kWh,OK
2026-07-31,M046,C006,CA,Facility-06,1785.99,kWh,OK
2026-07-31,M047,C007,AU,Facility-07,1911.66,kWh,OK
2026-07-31,M048,C008,SG,Facility-08,1118.42,kWh,OK
2026-07-31,M049,C009,IN,Facility-09,921.34,kWh,OK
2026-07-31,M050,C010,NL,Facility-10,1768.39,kWh,OK
2026-07-31,M051,C011,US,Facility-11,1000.92,kWh,OK
2026-07-31,M052,C012,SE,Facility-12,3096.99,kWh,OK
2026-07-31,M053,C013,MX,Facility-13,1562.74,kWh,OK
2026-07-31,M054,C014,NL,Facility-14,1920.56,kWh,OK
2026-07-31,M055,C015,UK,Facility-15,968.9,kWh,OK
2026-07-31,M056,C016,US,Facility-16,978.47,kWh,OK
2026-07-31,M057,C017,DE,Facility-17,,kWh,MISSING
2026-07-31,M058,C018,CA,Facility-18,828.65,kWh,OK
2026-07-31,M059,C019,US,Facility-19,2278.95,kWh,OK
2026-07-31,M060,C020,SG,Facility-20,1045.93,kWh,OK
